ID_Cliente,Nome_Cliente,Tipo_Cliente,Regiao
1,Mariana Nascimento,PF,Norte
2,João Rodrigues,PF,Leste
3,João Santos,PF,Norte
4,Pedro Martins,PF,Centro
5,Camila Almeida,PF,Leste
6,Costa Solutions LTDA,PJ,Oeste
7,Mariana Nascimento,PF,Sul
8,Nascimento Digital LTDA,PJ,Oeste
9,Camila Pereira,PF,Leste
10,Eduardo Santos,PF,Norte
11,Rodrigo Almeida,PF,Centro
12,Lima Comercial LTDA,PJ,Leste
13,Rodrigo Ribeiro,PF,Sul
14,Daniel Lima,PF,Oeste
15,Eduardo Silva,PF,Sul
16,Mariana Almeida,PF,Oeste
17,Juliana Nascimento,PF,Centro
18,Gabriela Costa,PF,Oeste
19,Nascimento Logística LTDA,PJ,Leste
20,Daniel Nascimento,PF,Centro
21,Fernanda Ribeiro,PF,Norte
22,Oliveira Distribuidora LTDA,PJ,Centro
23,Costa Distribuidora LTDA,PJ,Sul
24,Rodrigues Group LTDA,PJ,Leste
25,Bruno Martins,PF,Oeste
26,João Pereira,PF,Norte
27,Rodrigues Group LTDA,PJ,Oeste
28,Almeida Comercial LTDA,PJ,Centro
29,Juliana Lima,PF,Sul
30,Paulo Rodrigues,PF,Leste
31,Paulo Rodrigues,PF,Sul
32,Camila Lima,PF,Centro
33,Lucas Pereira,PF,Leste
34,Eduardo Almeida,PF,Centro
35,Pereira Solutions LTDA,PJ,Centro
36,Ribeiro Comercial LTDA,PJ,Leste
37,João Santos,PF,Leste
38,Rodrigo Ribeiro,PF,Leste
39,Juliana Rodrigues,PF,Oeste
40,Oliveira Logística LTDA,PJ,Sul
41,Patrícia Rodrigues,PF,Sul
42,Ribeiro Serviços LTDA,PJ,Centro
43,Beatriz Silva,PF,Leste
44,Rodrigues Solutions LTDA,PJ,Sul
45,Silva Distribuidora LTDA,PJ,Oeste
46,Juliana Lima,PF,Norte
47,Patrícia Pereira,PF,Leste
48,Patrícia Silva,PF,Leste
49,Silva Group LTDA,PJ,Sul
50,João Pereira,PF,Oeste
51,Pedro Pereira,PF,Leste
52,Pedro Araujo,PF,Centro
53,Costa Distribuidora LTDA,PJ,Leste
54,Ribeiro Tech LTDA,PJ,Leste
55,Rafael Santos,PF,Centro
56,Ana Lima,PF,Oeste
57,Camila Pereira,PF,Centro
58,Carlos Costa,PF,Norte
59,Juliana Araujo,PF,Sul
60,Paulo Nascimento,PF,Centro
61,Ribeiro Distribuidora LTDA,PJ,Centro
62,Juliana Costa,PF,Centro
63,Felipe Santos,PF,Norte
64,Martins Holding LTDA,PJ,Norte
65,Nascimento Group LTDA,PJ,Norte
66,Fernanda Silva,PF,Centro
67,Patrícia Rodrigues,PF,Oeste
68,Lucas Ribeiro,PF,Oeste
69,Silva Logística LTDA,PJ,Leste
70,Ribeiro Holding LTDA,PJ,Oeste
71,Araujo Comercial LTDA,PJ,Oeste
72,Rodrigues Indústria LTDA,PJ,Oeste
73,Nascimento Holding LTDA,PJ,Leste
74,Silva Serviços LTDA,PJ,Norte
75,Santos Logística LTDA,PJ,Norte
76,Mariana Nascimento,PF,Oeste
77,Lucas Oliveira,PF,Norte
78,Camila Pereira,PF,Leste
79,Martins Solutions LTDA,PJ,Norte
80,Costa Digital LTDA,PJ,Centro
81,Lima Distribuidora LTDA,PJ,Oeste
82,Araujo Solutions LTDA,PJ,Centro
83,Ana Almeida,PF,Sul
84,Fernanda Pereira,PF,Centro
85,Pereira Digital LTDA,PJ,Leste
86,Eduardo Oliveira,PF,Sul
87,Ribeiro Distribuidora LTDA,PJ,Leste
88,Oliveira Distribuidora LTDA,PJ,Leste
89,Fernanda Araujo,PF,Oeste
90,Oliveira Solutions LTDA,PJ,Sul
91,Daniel Almeida,PF,Centro
92,Lucas Santos,PF,Centro
93,Carlos Rodrigues,PF,Sul
94,Gabriela Santos,PF,Norte
95,Daniel Nascimento,PF,Leste
96,Nascimento Comercial LTDA,PJ,Oeste
97,Carlos Martins,PF,Leste
98,Martins Group LTDA,PJ,Norte
99,Martins Group LTDA,PJ,Leste
100,Juliana Nascimento,PF,Sul
101,Carlos Nascimento,PF,Norte
102,Rafael Oliveira,PF,Sul
103,Daniel Silva,PF,Oeste
104,Juliana Costa,PF,Leste
105,Pereira Indústria LTDA,PJ,Leste
106,Rodrigues Indústria LTDA,PJ,Norte
107,Camila Martins,PF,Oeste
108,Ana Lima,PF,Norte
109,Almeida Logística LTDA,PJ,Sul
110,Bruno Martins,PF,Norte
111,Silva Holding LTDA,PJ,Oeste
112,Ribeiro Serviços LTDA,PJ,Sul
113,Patrícia Oliveira,PF,Centro
114,Beatriz Almeida,PF,Leste
115,Beatriz Martins,PF,Oeste
116,Martins Serviços LTDA,PJ,Sul
117,Beatriz Rodrigues,PF,Norte
118,Bruno Oliveira,PF,Oeste
119,Camila Rodrigues,PF,Norte
120,Daniel Oliveira,PF,Oeste
121,Araujo Serviços LTDA,PJ,Sul
122,Rodrigo Martins,PF,Sul
123,Paulo Lima,PF,Centro
124,João Costa,PF,Centro
125,Ana Oliveira,PF,Centro
126,Mariana Araujo,PF,Norte
127,Ribeiro Logística LTDA,PJ,Oeste
128,João Nascimento,PF,Oeste
129,Martins Logística LTDA,PJ,Oeste
130,Beatriz Oliveira,PF,Sul
131,Martins Logística LTDA,PJ,Sul
132,João Costa,PF,Oeste
133,Bruno Silva,PF,Sul
134,Ana Pereira,PF,Norte
135,Lucas Lima,PF,Leste
136,Bruno Costa,PF,Oeste
137,Mariana Santos,PF,Leste
138,Rodrigo Silva,PF,Sul
139,Beatriz Martins,PF,Leste
140,Fernanda Santos,PF,Norte
141,Mariana Ribeiro,PF,Centro
142,Patrícia Pereira,PF,Norte
143,Rafael Silva,PF,Norte
144,Juliana Oliveira,PF,Oeste
145,Pedro Santos,PF,Centro
146,Pedro Oliveira,PF,Sul
147,Beatriz Martins,PF,Oeste
148,Felipe Rodrigues,PF,Sul
149,Patrícia Martins,PF,Centro
150,Beatriz Pereira,PF,Sul
151,Daniel Ribeiro,PF,Centro
152,Bruno Rodrigues,PF,Centro
153,Beatriz Costa,PF,Leste
154,João Nascimento,PF,Norte
155,Eduardo Santos,PF,Oeste
156,Patrícia Costa,PF,Centro
157,Gabriela Nascimento,PF,Sul
158,Carlos Pereira,PF,Sul
159,Mariana Rodrigues,PF,Oeste
160,Mariana Silva,PF,Oeste
161,Lucas Silva,PF,Centro
162,Costa Distribuidora LTDA,PJ,Leste
163,Lima Distribuidora LTDA,PJ,Centro
164,Oliveira Logística LTDA,PJ,Sul
165,Bruno Santos,PF,Centro
166,Beatriz Araujo,PF,Sul
167,Pedro Araujo,PF,Centro
168,Carlos Ribeiro,PF,Centro
169,Santos Logística LTDA,PJ,Sul
170,Gabriela Costa,PF,Leste
171,Eduardo Lima,PF,Centro
172,Lima Holding LTDA,PJ,Centro
173,Camila Lima,PF,Leste
174,Paulo Santos,PF,Sul
175,Renata Martins,PF,Sul
176,Rafael Nascimento,PF,Sul
177,João Silva,PF,Sul
178,Bruno Martins,PF,Centro
179,Costa Comercial LTDA,PJ,Norte
180,Ana Nascimento,PF,Sul
181,Pereira Logística LTDA,PJ,Norte
182,Rafael Costa,PF,Sul
183,Pereira Group LTDA,PJ,Oeste
184,Fernanda Santos,PF,Centro
185,Beatriz Rodrigues,PF,Centro
186,Renata Lima,PF,Centro
187,Lima Serviços LTDA,PJ,Sul
188,Almeida Tech LTDA,PJ,Sul
189,Fernanda Araujo,PF,Centro
190,Martins Indústria LTDA,PJ,Sul
191,Costa Tech LTDA,PJ,Leste
192,João Almeida,PF,Sul
193,Rodrigues Indústria LTDA,PJ,Centro
194,Patrícia Pereira,PF,Oeste
195,Oliveira Comercial LTDA,PJ,Oeste
196,Eduardo Rodrigues,PF,Centro
197,Costa Solutions LTDA,PJ,Norte
198,Ana Rodrigues,PF,Norte
199,Renata Almeida,PF,Centro
200,Rodrigues Distribuidora LTDA,PJ,Norte
201,Daniel Lima,PF,Oeste
202,Carlos Oliveira,PF,Centro
203,Paulo Oliveira,PF,Sul
204,Rafael Almeida,PF,Sul
205,Daniel Martins,PF,Oeste
206,Rodrigo Silva,PF,Norte
207,Pedro Santos,PF,Sul
208,Paulo Ribeiro,PF,Norte
209,Ribeiro Serviços LTDA,PJ,Centro
210,Almeida Distribuidora LTDA,PJ,Norte
211,Ribeiro Solutions LTDA,PJ,Leste
212,Lima Indústria LTDA,PJ,Norte
213,Rodrigues Solutions LTDA,PJ,Oeste
214,Beatriz Costa,PF,Centro
215,Fernanda Silva,PF,Oeste
216,Fernanda Lima,PF,Centro
217,Santos Distribuidora LTDA,PJ,Leste
218,Patrícia Lima,PF,Sul
219,Juliana Silva,PF,Centro
220,Daniel Rodrigues,PF,Centro
221,Fernanda Costa,PF,Centro
222,Silva Group LTDA,PJ,Sul
223,Ribeiro Distribuidora LTDA,PJ,Centro
224,Pedro Rodrigues,PF,Sul
225,Mariana Almeida,PF,Norte
226,Rodrigo Lima,PF,Sul
227,Felipe Costa,PF,Norte
228,Beatriz Pereira,PF,Leste
229,Camila Ribeiro,PF,Sul
230,João Costa,PF,Sul
231,Juliana Silva,PF,Oeste
232,Rodrigo Rodrigues,PF,Norte
233,Almeida Comercial LTDA,PJ,Oeste
234,Costa Serviços LTDA,PJ,Oeste
235,Rodrigues Indústria LTDA,PJ,Oeste
236,Rafael Costa,PF,Norte
237,Beatriz Pereira,PF,Centro
238,Silva Logística LTDA,PJ,Leste
239,Daniel Ribeiro,PF,Oeste
240,Ribeiro Indústria LTDA,PJ,Oeste
241,Rafael Silva,PF,Sul
242,Rafael Ribeiro,PF,Oeste
243,Araujo Group LTDA,PJ,Norte
244,Felipe Santos,PF,Leste
245,João Pereira,PF,Leste
246,Nascimento Digital LTDA,PJ,Norte
247,Santos Group LTDA,PJ,Sul
248,Rodrigo Oliveira,PF,Oeste
249,Juliana Santos,PF,Sul
250,Gabriela Rodrigues,PF,Centro
251,Carlos Lima,PF,Centro
252,Beatriz Lima,PF,Centro
253,Mariana Almeida,PF,Leste
254,Rodrigo Araujo,PF,Sul
255,Pedro Oliveira,PF,Oeste
256,Camila Araujo,PF,Oeste
257,Juliana Silva,PF,Sul
258,Juliana Martins,PF,Oeste
259,Daniel Oliveira,PF,Norte
260,Santos Holding LTDA,PJ,Leste
261,Rafael Rodrigues,PF,Leste
262,Araujo Serviços LTDA,PJ,Leste
263,Carlos Rodrigues,PF,Sul
264,Araujo Tech LTDA,PJ,Centro
265,Silva Distribuidora LTDA,PJ,Leste
266,Mariana Martins,PF,Centro
267,Daniel Pereira,PF,Leste
268,João Pereira,PF,Centro
269,Lima Comercial LTDA,PJ,Sul
270,João Nascimento,PF,Sul
271,Felipe Almeida,PF,Oeste
272,Santos Solutions LTDA,PJ,Sul
273,Mariana Almeida,PF,Oeste
274,Camila Ribeiro,PF,Oeste
275,Mariana Rodrigues,PF,Centro
276,Beatriz Pereira,PF,Sul
277,Ana Oliveira,PF,Norte
278,Mariana Pereira,PF,Oeste
279,Lucas Ribeiro,PF,Norte
280,Bruno Almeida,PF,Oeste
281,Eduardo Rodrigues,PF,Norte
282,Camila Rodrigues,PF,Centro
283,Martins Comercial LTDA,PJ,Sul
284,Costa Solutions LTDA,PJ,Norte
285,Rafael Araujo,PF,Oeste
286,Almeida Comercial LTDA,PJ,Norte
287,Fernanda Ribeiro,PF,Norte
288,Mariana Ribeiro,PF,Oeste
289,Pereira Tech LTDA,PJ,Oeste
290,Rodrigues Tech LTDA,PJ,Norte
291,Silva Distribuidora LTDA,PJ,Norte
292,Ribeiro Holding LTDA,PJ,Oeste
293,Bruno Rodrigues,PF,Sul
294,Araujo Logística LTDA,PJ,Centro
295,Gabriela Nascimento,PF,Leste
296,Daniel Nascimento,PF,Sul
297,Costa Distribuidora LTDA,PJ,Oeste
298,Pereira Group LTDA,PJ,Sul
299,Patrícia Martins,PF,Sul
300,Almeida Serviços LTDA,PJ,Centro
301,Ana Almeida,PF,Sul
302,Eduardo Lima,PF,Centro
303,Ana Oliveira,PF,Norte
304,Camila Nascimento,PF,Norte
305,Juliana Oliveira,PF,Sul
306,Paulo Santos,PF,Norte
307,Felipe Costa,PF,Norte
308,Ana Costa,PF,Norte
309,Juliana Pereira,PF,Leste
310,Daniel Almeida,PF,Norte
311,Patrícia Silva,PF,Leste
312,Martins Distribuidora LTDA,PJ,Leste
313,Ribeiro Indústria LTDA,PJ,Oeste
314,Felipe Ribeiro,PF,Leste
315,Daniel Oliveira,PF,Centro
316,Paulo Martins,PF,Norte
317,Camila Araujo,PF,Centro
318,Almeida Group LTDA,PJ,Sul
319,Silva Distribuidora LTDA,PJ,Sul
320,Ribeiro Serviços LTDA,PJ,Centro
321,Fernanda Almeida,PF,Norte
322,Lucas Rodrigues,PF,Leste
323,Daniel Lima,PF,Sul
324,Eduardo Santos,PF,Oeste
325,Pedro Pereira,PF,Oeste
326,Lucas Santos,PF,Leste
327,Oliveira Tech LTDA,PJ,Sul
328,Ana Martins,PF,Centro
329,Rodrigues Logística LTDA,PJ,Norte
330,Santos Indústria LTDA,PJ,Leste
331,Martins Logística LTDA,PJ,Centro
332,Carlos Araujo,PF,Norte
333,Nascimento Holding LTDA,PJ,Oeste
334,Rafael Santos,PF,Oeste
335,João Lima,PF,Centro
336,Ana Costa,PF,Centro
337,Pedro Lima,PF,Sul
338,Araujo Solutions LTDA,PJ,Norte
339,Lucas Araujo,PF,Norte
340,Daniel Pereira,PF,Norte
341,Costa Holding LTDA,PJ,Sul
342,Felipe Silva,PF,Leste
343,Costa Serviços LTDA,PJ,Oeste
344,Silva Tech LTDA,PJ,Centro
345,Camila Rodrigues,PF,Leste
346,João Costa,PF,Leste
347,Bruno Nascimento,PF,Centro
348,Araujo Serviços LTDA,PJ,Sul
349,Lima Logística LTDA,PJ,Sul
350,Ribeiro Group LTDA,PJ,Norte
351,Rafael Ribeiro,PF,Norte
352,Ribeiro Group LTDA,PJ,Norte
353,Beatriz Araujo,PF,Leste
354,Fernanda Lima,PF,Leste
355,Almeida Serviços LTDA,PJ,Centro
356,Rodrigues Tech LTDA,PJ,Leste
357,Camila Almeida,PF,Norte
358,Camila Costa,PF,Centro
359,Pereira Comercial LTDA,PJ,Oeste
360,Felipe Santos,PF,Leste
361,Rodrigo Santos,PF,Centro
362,Fernanda Almeida,PF,Norte
363,Pedro Nascimento,PF,Leste
364,Rafael Ribeiro,PF,Leste
365,Gabriela Ribeiro,PF,Sul
366,Araujo Comercial LTDA,PJ,Sul
367,Felipe Rodrigues,PF,Centro
368,Felipe Almeida,PF,Sul
369,Beatriz Almeida,PF,Sul
370,Pedro Araujo,PF,Sul
371,Paulo Silva,PF,Norte
372,Felipe Ribeiro,PF,Centro
373,Felipe Pereira,PF,Sul
374,Gabriela Araujo,PF,Norte
375,Rodrigo Rodrigues,PF,Leste
376,Gabriela Ribeiro,PF,Norte
377,Santos Tech LTDA,PJ,Centro
378,Fernanda Ribeiro,PF,Centro
379,João Almeida,PF,Leste
380,Paulo Costa,PF,Sul
381,Rafael Almeida,PF,Sul
382,João Oliveira,PF,Sul
383,Nascimento Logística LTDA,PJ,Centro
384,João Almeida,PF,Sul
385,Daniel Ribeiro,PF,Sul
386,Camila Costa,PF,Leste
387,Bruno Silva,PF,Centro
388,Pereira Holding LTDA,PJ,Centro
389,Araujo Indústria LTDA,PJ,Centro
390,Juliana Martins,PF,Sul
391,Rafael Costa,PF,Centro
392,Renata Almeida,PF,Norte
393,Paulo Silva,PF,Centro
394,Costa Logística LTDA,PJ,Leste
395,Araujo Distribuidora LTDA,PJ,Sul
396,Renata Ribeiro,PF,Oeste
397,Almeida Distribuidora LTDA,PJ,Centro
398,Pereira Indústria LTDA,PJ,Centro
399,Pedro Pereira,PF,Sul
400,Costa Digital LTDA,PJ,Leste
401,Beatriz Rodrigues,PF,Leste
402,Ana Lima,PF,Leste
403,Almeida Solutions LTDA,PJ,Centro
404,Patrícia Ribeiro,PF,Leste
405,Rodrigues Holding LTDA,PJ,Norte
406,Gabriela Lima,PF,Sul
407,Eduardo Oliveira,PF,Sul
408,Carlos Ribeiro,PF,Centro
409,Lucas Pereira,PF,Centro
410,Patrícia Almeida,PF,Norte
411,Juliana Costa,PF,Norte
412,Juliana Nascimento,PF,Oeste
413,Felipe Santos,PF,Sul
414,Patrícia Santos,PF,Norte
415,Daniel Lima,PF,Norte
416,Juliana Ribeiro,PF,Centro
417,Ribeiro Logística LTDA,PJ,Leste
418,Araujo Solutions LTDA,PJ,Norte
419,João Rodrigues,PF,Oeste
420,Mariana Silva,PF,Leste
421,Costa Tech LTDA,PJ,Oeste
422,Paulo Nascimento,PF,Sul
423,Pereira Distribuidora LTDA,PJ,Centro
424,Felipe Lima,PF,Sul
425,Rafael Almeida,PF,Sul
426,Ana Nascimento,PF,Sul
427,Carlos Almeida,PF,Norte
428,Ribeiro Group LTDA,PJ,Sul
429,Martins Indústria LTDA,PJ,Norte
430,Bruno Nascimento,PF,Leste
431,Ana Oliveira,PF,Leste
432,Carlos Costa,PF,Norte
433,Camila Silva,PF,Sul
434,João Almeida,PF,Sul
435,Juliana Lima,PF,Sul
436,Mariana Araujo,PF,Centro
437,Mariana Almeida,PF,Centro
438,Paulo Oliveira,PF,Norte
439,Beatriz Ribeiro,PF,Norte
440,Pedro Nascimento,PF,Norte
441,Almeida Group LTDA,PJ,Norte
442,Mariana Nascimento,PF,Sul
443,Almeida Indústria LTDA,PJ,Centro
444,Bruno Nascimento,PF,Norte
445,Fernanda Ribeiro,PF,Oeste
446,Bruno Ribeiro,PF,Norte
447,Camila Martins,PF,Sul
448,Rafael Rodrigues,PF,Centro
449,Gabriela Oliveira,PF,Centro
450,Oliveira Tech LTDA,PJ,Sul
451,Oliveira Group LTDA,PJ,Sul
452,Martins Serviços LTDA,PJ,Norte
453,Ana Silva,PF,Oeste
454,Rafael Almeida,PF,Oeste
455,Oliveira Distribuidora LTDA,PJ,Centro
456,Rodrigo Silva,PF,Sul
457,Pedro Silva,PF,Sul
458,Mariana Santos,PF,Leste
459,Paulo Oliveira,PF,Sul
460,Juliana Oliveira,PF,Oeste
461,Rafael Silva,PF,Oeste
462,Ribeiro Digital LTDA,PJ,Sul
463,Rafael Oliveira,PF,Sul
464,Daniel Ribeiro,PF,Norte
465,Carlos Araujo,PF,Oeste
466,Pedro Ribeiro,PF,Oeste
467,Fernanda Nascimento,PF,Sul
468,Eduardo Silva,PF,Centro
469,Beatriz Rodrigues,PF,Sul
470,Nascimento Holding LTDA,PJ,Oeste
471,Rafael Oliveira,PF,Leste
472,Bruno Oliveira,PF,Sul
473,Pedro Silva,PF,Oeste
474,Silva Holding LTDA,PJ,Norte
475,Almeida Digital LTDA,PJ,Sul
476,Bruno Ribeiro,PF,Sul
477,Beatriz Martins,PF,Leste
478,Beatriz Rodrigues,PF,Norte
479,Felipe Pereira,PF,Norte
480,Costa Holding LTDA,PJ,Oeste
481,Daniel Silva,PF,Oeste
482,Lucas Ribeiro,PF,Leste
483,Pedro Rodrigues,PF,Leste
484,Paulo Lima,PF,Centro
485,Lima Comercial LTDA,PJ,Sul
486,Ribeiro Distribuidora LTDA,PJ,Sul
487,Silva Digital LTDA,PJ,Norte
488,Gabriela Oliveira,PF,Leste
489,Rafael Pereira,PF,Norte
490,Rodrigo Ribeiro,PF,Sul
491,Rodrigo Araujo,PF,Leste
492,Mariana Ribeiro,PF,Oeste
493,Pedro Nascimento,PF,Leste
494,Rodrigo Silva,PF,Oeste
495,Lucas Santos,PF,Norte
496,Patrícia Araujo,PF,Leste
497,Martins Logística LTDA,PJ,Sul
498,Renata Ribeiro,PF,Leste
499,Bruno Costa,PF,Leste
500,Juliana Araujo,PF,Sul
501,Patrícia Martins,PF,Norte
502,Felipe Rodrigues,PF,Oeste
503,Juliana Costa,PF,Oeste
504,Carlos Martins,PF,Sul
505,Oliveira Indústria LTDA,PJ,Norte
506,Pedro Ribeiro,PF,Leste
507,Fernanda Silva,PF,Sul
508,Santos Logística LTDA,PJ,Norte
509,Almeida Solutions LTDA,PJ,Sul
510,Martins Serviços LTDA,PJ,Oeste
511,Eduardo Almeida,PF,Centro
512,Lucas Araujo,PF,Centro
513,Ana Pereira,PF,Sul
514,Almeida Indústria LTDA,PJ,Leste
515,Beatriz Martins,PF,Leste
516,Felipe Ribeiro,PF,Leste
517,Nascimento Serviços LTDA,PJ,Sul
518,Fernanda Silva,PF,Sul
519,Martins Tech LTDA,PJ,Norte
520,Ribeiro Solutions LTDA,PJ,Norte
521,Ana Santos,PF,Norte
522,Martins Digital LTDA,PJ,Centro
523,Oliveira Indústria LTDA,PJ,Leste
524,Bruno Oliveira,PF,Leste
525,Pedro Lima,PF,Centro
526,Eduardo Santos,PF,Sul
527,Patrícia Lima,PF,Centro
528,Gabriela Rodrigues,PF,Oeste
529,Araujo Comercial LTDA,PJ,Centro
530,Costa Holding LTDA,PJ,Leste
531,Araujo Solutions LTDA,PJ,Norte
532,Lucas Lima,PF,Centro
533,Mariana Araujo,PF,Centro
534,Lucas Rodrigues,PF,Oeste
535,Juliana Rodrigues,PF,Centro
536,Almeida Tech LTDA,PJ,Leste
537,Eduardo Oliveira,PF,Leste
538,Daniel Oliveira,PF,Leste
539,Gabriela Martins,PF,Leste
540,Fernanda Almeida,PF,Sul
541,Rodrigues Solutions LTDA,PJ,Leste
542,Paulo Ribeiro,PF,Norte
543,Rodrigo Santos,PF,Sul
544,Gabriela Araujo,PF,Oeste
545,Paulo Nascimento,PF,Oeste
546,Juliana Lima,PF,Oeste
547,Rafael Costa,PF,Leste
548,Carlos Pereira,PF,Sul
549,Rafael Ribeiro,PF,Centro
550,Lima Indústria LTDA,PJ,Oeste
551,Rafael Silva,PF,Centro
552,Carlos Nascimento,PF,Sul
553,Rafael Araujo,PF,Norte
554,Daniel Costa,PF,Leste
555,Renata Ribeiro,PF,Sul
556,Santos Distribuidora LTDA,PJ,Leste
557,Pereira Serviços LTDA,PJ,Centro
558,Ribeiro Serviços LTDA,PJ,Oeste
559,Rafael Almeida,PF,Leste
560,Nascimento Serviços LTDA,PJ,Leste
561,João Araujo,PF,Norte
562,João Nascimento,PF,Sul
563,Lucas Nascimento,PF,Oeste
564,Camila Silva,PF,Oeste
565,Felipe Silva,PF,Leste
566,Carlos Martins,PF,Sul
567,Silva Holding LTDA,PJ,Norte
568,Felipe Lima,PF,Norte
569,Lima Tech LTDA,PJ,Sul
570,Gabriela Costa,PF,Oeste
571,Paulo Martins,PF,Sul
572,Bruno Araujo,PF,Leste
573,Carlos Martins,PF,Sul
574,Eduardo Santos,PF,Centro
575,Bruno Silva,PF,Leste
576,Eduardo Rodrigues,PF,Sul
577,Paulo Pereira,PF,Sul
578,Rafael Costa,PF,Sul
579,Juliana Oliveira,PF,Centro
580,Mariana Ribeiro,PF,Centro
581,Fernanda Ribeiro,PF,Sul
582,Pereira Comercial LTDA,PJ,Centro
583,Lucas Silva,PF,Oeste
584,Beatriz Martins,PF,Norte
585,Felipe Santos,PF,Leste
586,Nascimento Digital LTDA,PJ,Leste
587,Felipe Nascimento,PF,Leste
588,Paulo Ribeiro,PF,Norte
589,Paulo Nascimento,PF,Centro
590,Pedro Santos,PF,Norte
591,Beatriz Rodrigues,PF,Sul
592,Silva Tech LTDA,PJ,Leste
593,Patrícia Ribeiro,PF,Leste
594,Oliveira Holding LTDA,PJ,Sul
595,Camila Martins,PF,Oeste
596,Juliana Almeida,PF,Oeste
597,Paulo Nascimento,PF,Sul
598,Carlos Araujo,PF,Leste
599,Almeida Serviços LTDA,PJ,Oeste
600,Martins Indústria LTDA,PJ,Centro
601,João Martins,PF,Sul
602,Lucas Rodrigues,PF,Centro
603,Santos Digital LTDA,PJ,Oeste
604,João Ribeiro,PF,Centro
605,Costa Indústria LTDA,PJ,Leste
606,Rodrigues Serviços LTDA,PJ,Sul
607,Oliveira Serviços LTDA,PJ,Centro
608,Ana Silva,PF,Sul
609,João Silva,PF,Sul
610,Eduardo Ribeiro,PF,Centro
611,Pedro Ribeiro,PF,Sul
612,Patrícia Nascimento,PF,Leste
613,Paulo Silva,PF,Oeste
614,Araujo Group LTDA,PJ,Norte
615,Lima Group LTDA,PJ,Sul
616,Silva Logística LTDA,PJ,Centro
617,Lucas Santos,PF,Sul
618,Carlos Lima,PF,Sul
619,Eduardo Lima,PF,Oeste
620,Juliana Ribeiro,PF,Oeste
621,Rodrigues Holding LTDA,PJ,Norte
622,Patrícia Nascimento,PF,Leste
623,Daniel Rodrigues,PF,Leste
624,Araujo Solutions LTDA,PJ,Norte
625,Rodrigues Comercial LTDA,PJ,Norte
626,Santos Logística LTDA,PJ,Oeste
627,Paulo Araujo,PF,Oeste
628,Lucas Martins,PF,Leste
629,João Ribeiro,PF,Leste
630,Beatriz Santos,PF,Norte
631,João Nascimento,PF,Norte
632,Eduardo Oliveira,PF,Centro
633,Nascimento Comercial LTDA,PJ,Leste
634,Daniel Nascimento,PF,Centro
635,Bruno Araujo,PF,Centro
636,Nascimento Serviços LTDA,PJ,Sul
637,Santos Indústria LTDA,PJ,Sul
638,Pedro Pereira,PF,Norte
639,Rafael Costa,PF,Norte
640,Bruno Ribeiro,PF,Oeste
641,Patrícia Costa,PF,Sul
642,Felipe Nascimento,PF,Centro
643,Daniel Oliveira,PF,Norte
644,Oliveira Indústria LTDA,PJ,Centro
645,Ana Nascimento,PF,Leste
646,Paulo Pereira,PF,Oeste
647,Santos Distribuidora LTDA,PJ,Oeste
648,Lima Indústria LTDA,PJ,Oeste
649,Felipe Costa,PF,Norte
650,Patrícia Santos,PF,Norte
651,Martins Comercial LTDA,PJ,Norte
652,Pereira Logística LTDA,PJ,Centro
653,Eduardo Martins,PF,Sul
654,Gabriela Almeida,PF,Centro
655,Santos Serviços LTDA,PJ,Leste
656,Lima Solutions LTDA,PJ,Leste
657,Rafael Silva,PF,Oeste
658,Renata Lima,PF,Sul
659,Beatriz Martins,PF,Leste
660,João Oliveira,PF,Norte
661,Oliveira Tech LTDA,PJ,Leste
662,Silva Logística LTDA,PJ,Oeste
663,Mariana Santos,PF,Norte
664,Bruno Pereira,PF,Centro
665,Daniel Lima,PF,Leste
666,Carlos Rodrigues,PF,Leste
667,Ana Rodrigues,PF,Norte
668,Carlos Lima,PF,Oeste
669,Ana Martins,PF,Centro
670,Felipe Rodrigues,PF,Norte
671,Paulo Lima,PF,Leste
672,Patrícia Oliveira,PF,Leste
673,Lima Tech LTDA,PJ,Oeste
674,João Silva,PF,Centro
675,Beatriz Rodrigues,PF,Norte
676,Camila Santos,PF,Oeste
677,Renata Almeida,PF,Leste
678,Camila Oliveira,PF,Oeste
679,Martins Solutions LTDA,PJ,Leste
680,João Santos,PF,Norte
681,Camila Lima,PF,Sul
682,Felipe Araujo,PF,Norte
683,Daniel Almeida,PF,Norte
684,Juliana Ribeiro,PF,Leste
685,Paulo Oliveira,PF,Sul
686,Pedro Ribeiro,PF,Norte
687,Felipe Oliveira,PF,Oeste
688,Eduardo Martins,PF,Sul
689,Paulo Silva,PF,Centro
690,Paulo Pereira,PF,Sul
691,Santos Group LTDA,PJ,Leste
692,Lucas Santos,PF,Sul
693,Camila Oliveira,PF,Sul
694,Paulo Martins,PF,Sul
695,Nascimento Group LTDA,PJ,Leste
696,Rodrigo Nascimento,PF,Norte
697,Almeida Comercial LTDA,PJ,Sul
698,Ana Ribeiro,PF,Sul
699,Camila Oliveira,PF,Sul
700,Lima Comercial LTDA,PJ,Leste
701,Patrícia Silva,PF,Sul
702,Martins Logística LTDA,PJ,Leste
703,Oliveira Comercial LTDA,PJ,Sul
704,Carlos Rodrigues,PF,Norte
705,Gabriela Lima,PF,Sul
706,Nascimento Serviços LTDA,PJ,Centro
707,Fernanda Lima,PF,Centro
708,Juliana Almeida,PF,Sul
709,João Nascimento,PF,Leste
710,Lucas Oliveira,PF,Sul
711,Oliveira Solutions LTDA,PJ,Oeste
712,Rafael Pereira,PF,Centro
713,Ana Lima,PF,Oeste
714,Patrícia Santos,PF,Leste
715,Lima Distribuidora LTDA,PJ,Oeste
716,Beatriz Martins,PF,Centro
717,Daniel Rodrigues,PF,Oeste
718,Rodrigues Distribuidora LTDA,PJ,Leste
719,Santos Logística LTDA,PJ,Centro
720,Beatriz Martins,PF,Sul
721,Paulo Rodrigues,PF,Centro
722,Ana Lima,PF,Norte
723,Ana Martins,PF,Centro
724,Lucas Martins,PF,Sul
725,Carlos Ribeiro,PF,Norte
726,Oliveira Indústria LTDA,PJ,Centro
727,Carlos Costa,PF,Sul
728,Eduardo Santos,PF,Sul
729,Carlos Santos,PF,Centro
730,Juliana Almeida,PF,Oeste
731,Beatriz Rodrigues,PF,Oeste
732,Daniel Araujo,PF,Norte
733,Renata Araujo,PF,Sul
734,Santos Solutions LTDA,PJ,Sul
735,Martins Holding LTDA,PJ,Sul
736,Eduardo Oliveira,PF,Leste
737,Beatriz Araujo,PF,Sul
738,Carlos Costa,PF,Leste
739,Lucas Rodrigues,PF,Sul
740,Ribeiro Tech LTDA,PJ,Leste
741,Fernanda Costa,PF,Leste
742,Eduardo Almeida,PF,Centro
743,Lima Indústria LTDA,PJ,Centro
744,Araujo Logística LTDA,PJ,Sul
745,Camila Pereira,PF,Oeste
746,Camila Nascimento,PF,Norte
747,Almeida Distribuidora LTDA,PJ,Centro
748,Bruno Nascimento,PF,Centro
749,Eduardo Lima,PF,Leste
750,Santos Tech LTDA,PJ,Norte
751,Fernanda Rodrigues,PF,Oeste
752,Felipe Ribeiro,PF,Oeste
753,Renata Oliveira,PF,Oeste
754,Felipe Martins,PF,Oeste
755,Felipe Araujo,PF,Oeste
756,Lucas Ribeiro,PF,Norte
757,Nascimento Group LTDA,PJ,Leste
758,Ribeiro Indústria LTDA,PJ,Norte
759,Ana Nascimento,PF,Oeste
760,Renata Costa,PF,Oeste
761,Daniel Lima,PF,Leste
762,Rodrigo Pereira,PF,Norte
763,Ana Santos,PF,Centro
764,Paulo Araujo,PF,Centro
765,Martins Tech LTDA,PJ,Leste
766,Juliana Ribeiro,PF,Centro
767,Pereira Indústria LTDA,PJ,Norte
768,Camila Pereira,PF,Centro
769,Silva Distribuidora LTDA,PJ,Norte
770,Eduardo Oliveira,PF,Oeste
771,Camila Araujo,PF,Norte
772,Renata Lima,PF,Centro
773,Gabriela Almeida,PF,Norte
774,Almeida Logística LTDA,PJ,Leste
775,Rodrigues Logística LTDA,PJ,Norte
776,Oliveira Group LTDA,PJ,Leste
777,Carlos Ribeiro,PF,Centro
778,Carlos Silva,PF,Centro
779,Patrícia Santos,PF,Norte
780,Bruno Pereira,PF,Sul
781,Daniel Pereira,PF,Leste
782,Juliana Oliveira,PF,Oeste
783,Lucas Rodrigues,PF,Norte
784,Rodrigo Araujo,PF,Oeste
785,Rodrigues Solutions LTDA,PJ,Oeste
786,Lima Distribuidora LTDA,PJ,Leste
787,Renata Silva,PF,Oeste
788,Nascimento Logística LTDA,PJ,Leste
789,Araujo Group LTDA,PJ,Oeste
790,Mariana Almeida,PF,Centro
791,Rafael Pereira,PF,Leste
792,Almeida Indústria LTDA,PJ,Leste
793,Ribeiro Serviços LTDA,PJ,Sul
794,Beatriz Ribeiro,PF,Sul
795,Carlos Nascimento,PF,Oeste
796,Oliveira Tech LTDA,PJ,Norte
797,Martins Serviços LTDA,PJ,Sul
798,Santos Group LTDA,PJ,Centro
799,Camila Oliveira,PF,Leste
800,João Lima,PF,Leste
801,João Lima,PF,Leste
802,Rafael Almeida,PF,Centro
803,Gabriela Nascimento,PF,Leste
804,Nascimento Serviços LTDA,PJ,Oeste
805,Mariana Araujo,PF,Leste
806,Silva Comercial LTDA,PJ,Sul
807,Beatriz Pereira,PF,Leste
808,Juliana Costa,PF,Leste
809,Camila Rodrigues,PF,Oeste
810,Silva Logística LTDA,PJ,Sul
811,Daniel Nascimento,PF,Sul
812,Lucas Ribeiro,PF,Oeste
813,Patrícia Ribeiro,PF,Sul
814,Carlos Pereira,PF,Centro
815,Gabriela Nascimento,PF,Leste
816,Araujo Serviços LTDA,PJ,Centro
817,Araujo Tech LTDA,PJ,Centro
818,Pereira Group LTDA,PJ,Sul
819,Bruno Nascimento,PF,Centro
820,Beatriz Silva,PF,Oeste
821,Daniel Ribeiro,PF,Centro
822,Juliana Pereira,PF,Leste
823,Eduardo Santos,PF,Centro
824,Almeida Group LTDA,PJ,Centro
825,Pereira Distribuidora LTDA,PJ,Sul
826,Oliveira Solutions LTDA,PJ,Leste
827,Lima Group LTDA,PJ,Oeste
828,Felipe Oliveira,PF,Sul
829,Carlos Santos,PF,Leste
830,Lucas Silva,PF,Oeste
831,Fernanda Ribeiro,PF,Leste
832,Fernanda Araujo,PF,Norte
833,Mariana Nascimento,PF,Centro
834,Rodrigo Oliveira,PF,Oeste
835,Daniel Ribeiro,PF,Centro
836,Eduardo Ribeiro,PF,Norte
837,Rafael Santos,PF,Sul
838,Camila Ribeiro,PF,Norte
839,Beatriz Santos,PF,Centro
840,João Nascimento,PF,Centro
841,Juliana Nascimento,PF,Oeste
842,Renata Martins,PF,Norte
843,Pedro Nascimento,PF,Norte
844,Rafael Rodrigues,PF,Centro
845,Ana Ribeiro,PF,Oeste
846,Rodrigues Tech LTDA,PJ,Centro
847,Rodrigo Costa,PF,Leste
848,Camila Almeida,PF,Oeste
849,Fernanda Pereira,PF,Sul
850,Costa Distribuidora LTDA,PJ,Sul
851,Juliana Almeida,PF,Centro
852,Camila Pereira,PF,Norte
853,Lucas Rodrigues,PF,Oeste
854,Costa Comercial LTDA,PJ,Oeste
855,Rodrigues Logística LTDA,PJ,Leste
856,Fernanda Silva,PF,Leste
857,Patrícia Martins,PF,Norte
858,Oliveira Comercial LTDA,PJ,Centro
859,Pedro Costa,PF,Sul
860,Almeida Digital LTDA,PJ,Centro
861,Ribeiro Indústria LTDA,PJ,Leste
862,Costa Tech LTDA,PJ,Sul
863,João Costa,PF,Leste
864,Juliana Santos,PF,Norte
865,Felipe Santos,PF,Centro
866,Gabriela Martins,PF,Centro
867,Carlos Lima,PF,Oeste
868,Araujo Logística LTDA,PJ,Centro
869,Rafael Martins,PF,Norte
870,Paulo Silva,PF,Oeste
871,Beatriz Santos,PF,Leste
872,Lucas Pereira,PF,Leste
873,Oliveira Digital LTDA,PJ,Oeste
874,Ribeiro Group LTDA,PJ,Centro
875,Juliana Oliveira,PF,Sul
876,Gabriela Lima,PF,Leste
877,Camila Nascimento,PF,Norte
878,João Araujo,PF,Sul
879,Patrícia Nascimento,PF,Oeste
880,Martins Group LTDA,PJ,Norte
881,Fernanda Santos,PF,Oeste
882,Eduardo Oliveira,PF,Leste
883,Nascimento Distribuidora LTDA,PJ,Oeste
884,Fernanda Ribeiro,PF,Oeste
885,Paulo Nascimento,PF,Leste
886,Ribeiro Comercial LTDA,PJ,Oeste
887,Bruno Almeida,PF,Norte
888,João Lima,PF,Oeste
889,Almeida Solutions LTDA,PJ,Centro
890,Lucas Almeida,PF,Sul
891,Juliana Rodrigues,PF,Oeste
892,Bruno Rodrigues,PF,Oeste
893,Juliana Rodrigues,PF,Leste
894,Carlos Lima,PF,Leste
895,Bruno Silva,PF,Sul
896,Pedro Nascimento,PF,Oeste
897,Daniel Oliveira,PF,Oeste
898,Nascimento Digital LTDA,PJ,Centro
899,Eduardo Pereira,PF,Norte
900,Paulo Pereira,PF,Centro
901,Pedro Lima,PF,Centro
902,Felipe Oliveira,PF,Leste
903,Santos Serviços LTDA,PJ,Norte
904,Pereira Tech LTDA,PJ,Centro
905,Bruno Almeida,PF,Oeste
906,Santos Solutions LTDA,PJ,Centro
907,Juliana Martins,PF,Leste
908,Lima Holding LTDA,PJ,Centro
909,Daniel Ribeiro,PF,Leste
910,Beatriz Nascimento,PF,Sul
911,Juliana Oliveira,PF,Norte
912,Rodrigues Solutions LTDA,PJ,Sul
913,Oliveira Indústria LTDA,PJ,Norte
914,João Rodrigues,PF,Norte
915,Patrícia Pereira,PF,Sul
916,Fernanda Rodrigues,PF,Leste
917,Bruno Araujo,PF,Centro
918,Paulo Santos,PF,Leste
919,Ribeiro Group LTDA,PJ,Norte
920,Ribeiro Logística LTDA,PJ,Leste
921,Ribeiro Distribuidora LTDA,PJ,Leste
922,Beatriz Costa,PF,Centro
923,Almeida Serviços LTDA,PJ,Oeste
924,Beatriz Costa,PF,Norte
925,Oliveira Holding LTDA,PJ,Centro
926,Juliana Ribeiro,PF,Leste
927,Santos Holding LTDA,PJ,Leste
928,Renata Costa,PF,Leste
929,Ana Lima,PF,Leste
930,Ana Silva,PF,Centro
931,Rodrigues Distribuidora LTDA,PJ,Norte
932,Oliveira Indústria LTDA,PJ,Oeste
933,Ana Ribeiro,PF,Oeste
934,Gabriela Rodrigues,PF,Norte
935,Patrícia Almeida,PF,Centro
936,Daniel Almeida,PF,Norte
937,Camila Rodrigues,PF,Leste
938,Rodrigo Silva,PF,Oeste
939,Pedro Almeida,PF,Centro
940,Bruno Martins,PF,Oeste
941,Carlos Costa,PF,Norte
942,Martins Tech LTDA,PJ,Leste
943,Rodrigues Group LTDA,PJ,Centro
944,Lucas Costa,PF,Oeste
945,Carlos Silva,PF,Oeste
946,Eduardo Oliveira,PF,Oeste
947,Lima Holding LTDA,PJ,Leste
948,Eduardo Araujo,PF,Leste
949,Santos Serviços LTDA,PJ,Oeste
950,Rafael Oliveira,PF,Sul
951,Pedro Costa,PF,Oeste
952,Rodrigues Comercial LTDA,PJ,Leste
953,Martins Digital LTDA,PJ,Leste
954,Fernanda Oliveira,PF,Centro
955,Camila Rodrigues,PF,Oeste
956,Santos Indústria LTDA,PJ,Sul
957,Bruno Lima,PF,Centro
958,Eduardo Ribeiro,PF,Norte
959,Daniel Oliveira,PF,Sul
960,Camila Pereira,PF,Centro
961,Felipe Ribeiro,PF,Centro
962,Beatriz Araujo,PF,Norte
963,Juliana Almeida,PF,Norte
964,Rafael Martins,PF,Norte
965,Rodrigo Silva,PF,Leste
966,Paulo Martins,PF,Sul
967,Rodrigo Nascimento,PF,Centro
968,Paulo Nascimento,PF,Centro
969,Oliveira Solutions LTDA,PJ,Centro
970,João Silva,PF,Centro
971,João Lima,PF,Sul
972,João Costa,PF,Oeste
973,Araujo Digital LTDA,PJ,Leste
974,João Pereira,PF,Oeste
975,Martins Comercial LTDA,PJ,Norte
976,Martins Tech LTDA,PJ,Leste
977,Patrícia Lima,PF,Sul
978,Rodrigo Santos,PF,Leste
979,Paulo Araujo,PF,Centro
980,Eduardo Martins,PF,Centro
981,Pereira Indústria LTDA,PJ,Oeste
982,Patrícia Nascimento,PF,Leste
983,Costa Group LTDA,PJ,Norte
984,Beatriz Rodrigues,PF,Norte
985,Daniel Santos,PF,Sul
986,Felipe Costa,PF,Norte
987,Mariana Nascimento,PF,Oeste
988,Renata Costa,PF,Sul
989,Costa Holding LTDA,PJ,Sul
990,Ribeiro Logística LTDA,PJ,Leste
991,Patrícia Rodrigues,PF,Centro
992,Fernanda Martins,PF,Norte
993,Renata Rodrigues,PF,Sul
994,Silva Group LTDA,PJ,Oeste
995,Santos Group LTDA,PJ,Norte
996,Patrícia Lima,PF,Norte
997,Gabriela Ribeiro,PF,Leste
998,Santos Distribuidora LTDA,PJ,Sul
999,Araujo Digital LTDA,PJ,Oeste
1000,Carlos Almeida,PF,Oeste
1001,Gabriela Rodrigues,PF,Oeste
1002,João Araujo,PF,Norte
1003,Martins Tech LTDA,PJ,Leste
1004,Araujo Tech LTDA,PJ,Centro
1005,Ribeiro Digital LTDA,PJ,Oeste
1006,Ana Araujo,PF,Leste
1007,Almeida Group LTDA,PJ,Sul
1008,Almeida Logística LTDA,PJ,Oeste
1009,Paulo Araujo,PF,Leste
1010,Lima Comercial LTDA,PJ,Oeste
1011,Ana Santos,PF,Norte
1012,Silva Solutions LTDA,PJ,Oeste
1013,Pedro Lima,PF,Leste
1014,Paulo Lima,PF,Centro
1015,Bruno Ribeiro,PF,Centro
1016,Bruno Oliveira,PF,Oeste
1017,João Martins,PF,Leste
1018,Nascimento Holding LTDA,PJ,Oeste
1019,Patrícia Santos,PF,Norte
1020,Paulo Silva,PF,Leste
1021,Costa Holding LTDA,PJ,Sul
1022,Lima Indústria LTDA,PJ,Norte
1023,Fernanda Costa,PF,Leste
1024,Eduardo Nascimento,PF,Sul
1025,Ribeiro Holding LTDA,PJ,Leste
1026,Bruno Ribeiro,PF,Centro
1027,Gabriela Lima,PF,Leste
1028,Beatriz Araujo,PF,Oeste
1029,Lucas Almeida,PF,Leste
1030,Martins Solutions LTDA,PJ,Norte
1031,Martins Indústria LTDA,PJ,Centro
1032,Bruno Costa,PF,Leste
1033,Patrícia Santos,PF,Centro
1034,Felipe Silva,PF,Norte
1035,Rodrigues Holding LTDA,PJ,Sul
1036,Martins Logística LTDA,PJ,Leste
1037,Daniel Silva,PF,Norte
1038,Araujo Tech LTDA,PJ,Oeste
1039,Bruno Costa,PF,Centro
1040,Santos Solutions LTDA,PJ,Centro
1041,Rafael Rodrigues,PF,Sul
1042,Rodrigo Santos,PF,Leste
1043,Paulo Silva,PF,Sul
1044,Lucas Martins,PF,Sul
1045,Rafael Lima,PF,Sul
1046,Felipe Pereira,PF,Norte
1047,Nascimento Digital LTDA,PJ,Leste
1048,Carlos Costa,PF,Sul
1049,Rafael Lima,PF,Leste
1050,Renata Lima,PF,Centro
1051,Mariana Silva,PF,Norte
1052,Costa Indústria LTDA,PJ,Oeste
1053,Costa Group LTDA,PJ,Centro
1054,Rodrigo Nascimento,PF,Norte
1055,Rafael Costa,PF,Leste
1056,Juliana Santos,PF,Sul
1057,Oliveira Group LTDA,PJ,Centro
1058,Pedro Rodrigues,PF,Norte
1059,Carlos Pereira,PF,Oeste
1060,Santos Group LTDA,PJ,Norte
1061,Patrícia Pereira,PF,Norte
1062,Mariana Costa,PF,Sul
1063,Paulo Nascimento,PF,Centro
1064,Araujo Solutions LTDA,PJ,Leste
1065,Patrícia Oliveira,PF,Norte
1066,Rodrigues Holding LTDA,PJ,Centro
1067,Bruno Almeida,PF,Leste
1068,Beatriz Martins,PF,Sul
1069,Renata Ribeiro,PF,Sul
1070,Carlos Rodrigues,PF,Norte
1071,Martins Distribuidora LTDA,PJ,Leste
1072,Oliveira Group LTDA,PJ,Sul
1073,Patrícia Santos,PF,Norte
1074,Pedro Rodrigues,PF,Leste
1075,Lima Comercial LTDA,PJ,Leste
1076,Gabriela Costa,PF,Leste
1077,Ribeiro Indústria LTDA,PJ,Sul
1078,Camila Almeida,PF,Norte
1079,Lima Logística LTDA,PJ,Oeste
1080,Fernanda Almeida,PF,Leste
1081,Rafael Costa,PF,Norte
1082,Camila Martins,PF,Norte
1083,Eduardo Silva,PF,Norte
1084,Carlos Pereira,PF,Norte
1085,Rafael Santos,PF,Sul
1086,Mariana Rodrigues,PF,Norte
1087,Rodrigo Santos,PF,Norte
1088,Patrícia Martins,PF,Oeste
1089,Felipe Costa,PF,Oeste
1090,Gabriela Costa,PF,Norte
1091,Fernanda Pereira,PF,Oeste
1092,Beatriz Almeida,PF,Sul
1093,Mariana Pereira,PF,Leste
1094,Rodrigo Silva,PF,Norte
1095,Mariana Pereira,PF,Leste
1096,Bruno Santos,PF,Oeste
1097,Juliana Oliveira,PF,Oeste
1098,Santos Holding LTDA,PJ,Leste
1099,Daniel Lima,PF,Oeste
1100,Rodrigo Pereira,PF,Centro
1101,Lucas Ribeiro,PF,Sul
1102,Mariana Ribeiro,PF,Oeste
1103,Eduardo Martins,PF,Norte
1104,Silva Comercial LTDA,PJ,Leste
1105,Costa Comercial LTDA,PJ,Leste
1106,Eduardo Costa,PF,Leste
1107,Camila Oliveira,PF,Norte
1108,Eduardo Lima,PF,Norte
1109,João Lima,PF,Sul
1110,Patrícia Almeida,PF,Sul
1111,Ana Oliveira,PF,Leste
1112,Pereira Serviços LTDA,PJ,Oeste
1113,Beatriz Oliveira,PF,Oeste
1114,Gabriela Ribeiro,PF,Oeste
1115,João Almeida,PF,Norte
1116,Renata Costa,PF,Oeste
1117,Lucas Ribeiro,PF,Leste
1118,Pereira Digital LTDA,PJ,Oeste
1119,Almeida Holding LTDA,PJ,Sul
1120,Santos Solutions LTDA,PJ,Leste
1121,Silva Logística LTDA,PJ,Norte
1122,Bruno Almeida,PF,Centro
1123,Fernanda Costa,PF,Norte
1124,Beatriz Martins,PF,Leste
1125,Juliana Silva,PF,Oeste
1126,Ribeiro Holding LTDA,PJ,Centro
1127,Eduardo Martins,PF,Centro
1128,Felipe Silva,PF,Norte
1129,Paulo Ribeiro,PF,Oeste
1130,Eduardo Santos,PF,Oeste
1131,Rafael Oliveira,PF,Sul
1132,Ribeiro Holding LTDA,PJ,Sul
1133,Renata Martins,PF,Leste
1134,Mariana Santos,PF,Centro
1135,Silva Comercial LTDA,PJ,Leste
1136,Rafael Costa,PF,Oeste
1137,Gabriela Ribeiro,PF,Sul
1138,Daniel Silva,PF,Oeste
1139,Costa Indústria LTDA,PJ,Norte
1140,Almeida Tech LTDA,PJ,Sul
1141,Fernanda Martins,PF,Sul
1142,Felipe Nascimento,PF,Norte
1143,Mariana Costa,PF,Centro
1144,Rafael Costa,PF,Leste
1145,Carlos Silva,PF,Oeste
1146,Oliveira Group LTDA,PJ,Oeste
1147,Patrícia Rodrigues,PF,Leste
1148,Ribeiro Holding LTDA,PJ,Oeste
1149,Ana Ribeiro,PF,Oeste
1150,Fernanda Santos,PF,Centro
1151,Eduardo Lima,PF,Sul
1152,Araujo Serviços LTDA,PJ,Leste
1153,Beatriz Araujo,PF,Norte
1154,Santos Distribuidora LTDA,PJ,Norte
1155,Martins Holding LTDA,PJ,Centro
1156,Juliana Nascimento,PF,Leste
1157,Ana Oliveira,PF,Centro
1158,Costa Distribuidora LTDA,PJ,Sul
1159,João Ribeiro,PF,Sul
1160,Lucas Rodrigues,PF,Centro
1161,Ana Lima,PF,Centro
1162,Felipe Araujo,PF,Leste
1163,Nascimento Tech LTDA,PJ,Oeste
1164,Juliana Araujo,PF,Norte
1165,Fernanda Rodrigues,PF,Norte
1166,Bruno Rodrigues,PF,Leste
1167,Mariana Martins,PF,Centro
1168,Juliana Nascimento,PF,Sul
1169,Carlos Pereira,PF,Oeste
1170,Rodrigo Santos,PF,Norte
1171,Felipe Almeida,PF,Sul
1172,Bruno Ribeiro,PF,Oeste
1173,Ana Oliveira,PF,Leste
1174,Pereira Logística LTDA,PJ,Centro
1175,Camila Araujo,PF,Norte
1176,Rodrigo Pereira,PF,Centro
1177,Pereira Serviços LTDA,PJ,Norte
1178,João Rodrigues,PF,Centro
1179,Daniel Oliveira,PF,Leste
1180,Beatriz Oliveira,PF,Leste
1181,Araujo Digital LTDA,PJ,Leste
1182,Juliana Ribeiro,PF,Centro
1183,Silva Holding LTDA,PJ,Centro
1184,Mariana Silva,PF,Norte
1185,Rodrigo Ribeiro,PF,Oeste
1186,Juliana Santos,PF,Norte
1187,Paulo Oliveira,PF,Centro
1188,Juliana Ribeiro,PF,Oeste
1189,Gabriela Ribeiro,PF,Centro
1190,Silva Holding LTDA,PJ,Centro
1191,Nascimento Group LTDA,PJ,Leste
1192,Ana Almeida,PF,Norte
1193,Mariana Araujo,PF,Norte
1194,Fernanda Oliveira,PF,Sul
1195,Felipe Ribeiro,PF,Sul
1196,Daniel Martins,PF,Sul
1197,Rodrigues Logística LTDA,PJ,Norte
1198,Patrícia Nascimento,PF,Sul
1199,Rodrigo Ribeiro,PF,Oeste
1200,Rodrigo Santos,PF,Norte
1201,Araujo Tech LTDA,PJ,Sul
1202,Almeida Comercial LTDA,PJ,Leste
1203,Fernanda Oliveira,PF,Sul
1204,Silva Holding LTDA,PJ,Centro
1205,Juliana Almeida,PF,Oeste
1206,Costa Holding LTDA,PJ,Oeste
1207,Martins Solutions LTDA,PJ,Centro
1208,Bruno Lima,PF,Centro
1209,Almeida Group LTDA,PJ,Oeste
1210,Costa Tech LTDA,PJ,Sul
1211,Almeida Serviços LTDA,PJ,Leste
1212,Silva Indústria LTDA,PJ,Oeste
1213,Ana Lima,PF,Norte
1214,Pedro Almeida,PF,Oeste
1215,Rodrigo Santos,PF,Norte
1216,Ribeiro Serviços LTDA,PJ,Centro
1217,Lima Indústria LTDA,PJ,Centro
1218,Bruno Costa,PF,Centro
1219,Gabriela Araujo,PF,Norte
1220,Felipe Nascimento,PF,Centro
1221,Juliana Rodrigues,PF,Oeste
1222,Gabriela Nascimento,PF,Sul
1223,Pedro Costa,PF,Leste
1224,Lucas Santos,PF,Oeste
1225,Renata Pereira,PF,Centro
1226,Rodrigues Distribuidora LTDA,PJ,Sul
1227,Ribeiro Digital LTDA,PJ,Centro
1228,Martins Serviços LTDA,PJ,Norte
1229,Mariana Costa,PF,Norte
1230,Araujo Tech LTDA,PJ,Centro
1231,Bruno Ribeiro,PF,Oeste
1232,Araujo Tech LTDA,PJ,Sul
1233,Eduardo Costa,PF,Sul
1234,Eduardo Lima,PF,Leste
1235,Renata Almeida,PF,Norte
1236,Ana Santos,PF,Centro
1237,Lima Group LTDA,PJ,Sul
1238,Oliveira Serviços LTDA,PJ,Centro
1239,Renata Nascimento,PF,Centro
1240,Silva Holding LTDA,PJ,Centro
1241,Mariana Lima,PF,Norte
1242,Ribeiro Serviços LTDA,PJ,Norte
1243,João Nascimento,PF,Oeste
1244,Eduardo Rodrigues,PF,Norte
1245,Rodrigo Pereira,PF,Leste
1246,Lucas Oliveira,PF,Leste
1247,Lima Distribuidora LTDA,PJ,Centro
1248,Mariana Nascimento,PF,Norte
1249,Bruno Pereira,PF,Oeste
1250,João Nascimento,PF,Sul
1251,Daniel Martins,PF,Centro
1252,Paulo Almeida,PF,Centro
1253,Ribeiro Comercial LTDA,PJ,Leste
1254,Rafael Ribeiro,PF,Sul
1255,Renata Almeida,PF,Centro
1256,Pedro Oliveira,PF,Centro
1257,Pedro Oliveira,PF,Oeste
1258,Camila Martins,PF,Oeste
1259,Araujo Holding LTDA,PJ,Leste
1260,Silva Digital LTDA,PJ,Oeste
1261,Paulo Pereira,PF,Centro
1262,Fernanda Oliveira,PF,Leste
1263,Eduardo Oliveira,PF,Sul
1264,Lima Group LTDA,PJ,Oeste
1265,Mariana Lima,PF,Centro
1266,Renata Araujo,PF,Leste
1267,Santos Digital LTDA,PJ,Norte
1268,Juliana Oliveira,PF,Norte
1269,João Costa,PF,Centro
1270,Paulo Lima,PF,Sul
1271,Oliveira Logística LTDA,PJ,Oeste
1272,Rodrigo Pereira,PF,Oeste
1273,Camila Santos,PF,Norte
1274,Lucas Martins,PF,Oeste
1275,Paulo Santos,PF,Centro
1276,Bruno Martins,PF,Sul
1277,Rodrigues Indústria LTDA,PJ,Norte
1278,Pedro Lima,PF,Centro
1279,Gabriela Nascimento,PF,Sul
1280,Costa Serviços LTDA,PJ,Oeste
1281,Felipe Almeida,PF,Leste
1282,Costa Digital LTDA,PJ,Centro
1283,Bruno Santos,PF,Sul
1284,Pedro Lima,PF,Oeste
1285,Juliana Santos,PF,Centro
1286,Fernanda Almeida,PF,Sul
1287,Camila Rodrigues,PF,Sul
1288,Lima Distribuidora LTDA,PJ,Norte
1289,Oliveira Group LTDA,PJ,Oeste
1290,Gabriela Ribeiro,PF,Norte
1291,Patrícia Silva,PF,Oeste
1292,Lucas Costa,PF,Oeste
1293,Bruno Oliveira,PF,Leste
1294,Rodrigues Serviços LTDA,PJ,Norte
1295,Lima Tech LTDA,PJ,Centro
1296,Lucas Lima,PF,Leste
1297,Pereira Holding LTDA,PJ,Norte
1298,Bruno Araujo,PF,Norte
1299,Pereira Tech LTDA,PJ,Leste
1300,Bruno Lima,PF,Oeste
1301,Lucas Santos,PF,Centro
1302,Beatriz Pereira,PF,Oeste
1303,Nascimento Logística LTDA,PJ,Oeste
1304,Juliana Araujo,PF,Sul
1305,Pedro Martins,PF,Norte
1306,Almeida Group LTDA,PJ,Centro
1307,Ribeiro Comercial LTDA,PJ,Oeste
1308,Araujo Group LTDA,PJ,Norte
1309,Pedro Santos,PF,Sul
1310,Pereira Indústria LTDA,PJ,Norte
1311,Ribeiro Distribuidora LTDA,PJ,Sul
1312,Almeida Tech LTDA,PJ,Leste
1313,Felipe Santos,PF,Leste
1314,Rodrigues Serviços LTDA,PJ,Norte
1315,Camila Pereira,PF,Leste
1316,Juliana Pereira,PF,Centro
1317,Ana Martins,PF,Leste
1318,Lucas Araujo,PF,Norte
1319,Rodrigo Almeida,PF,Norte
1320,João Oliveira,PF,Norte
1321,Mariana Oliveira,PF,Leste
1322,Ribeiro Serviços LTDA,PJ,Leste
1323,Araujo Indústria LTDA,PJ,Norte
1324,Bruno Silva,PF,Sul
1325,Lima Comercial LTDA,PJ,Oeste
1326,Nascimento Indústria LTDA,PJ,Sul
1327,João Lima,PF,Oeste
1328,Santos Comercial LTDA,PJ,Leste
1329,Carlos Almeida,PF,Centro
1330,Mariana Ribeiro,PF,Norte
1331,Rodrigo Oliveira,PF,Leste
1332,Patrícia Ribeiro,PF,Norte
1333,João Nascimento,PF,Norte
1334,Ribeiro Indústria LTDA,PJ,Norte
1335,Martins Group LTDA,PJ,Sul
1336,Costa Distribuidora LTDA,PJ,Sul
1337,Eduardo Martins,PF,Leste
1338,João Nascimento,PF,Norte
1339,Rafael Silva,PF,Leste
1340,Camila Almeida,PF,Oeste
1341,Patrícia Araujo,PF,Norte
1342,Mariana Rodrigues,PF,Centro
1343,Paulo Pereira,PF,Sul
1344,Juliana Martins,PF,Centro
1345,Rodrigo Oliveira,PF,Oeste
1346,Renata Nascimento,PF,Norte
1347,Beatriz Rodrigues,PF,Oeste
1348,Mariana Araujo,PF,Oeste
1349,Daniel Nascimento,PF,Norte
1350,Bruno Martins,PF,Leste
1351,Santos Digital LTDA,PJ,Oeste
1352,Bruno Silva,PF,Sul
1353,Almeida Digital LTDA,PJ,Norte
1354,Bruno Rodrigues,PF,Centro
1355,Lucas Lima,PF,Centro
1356,Felipe Costa,PF,Oeste
1357,Bruno Araujo,PF,Centro
1358,Gabriela Rodrigues,PF,Leste
1359,Eduardo Araujo,PF,Norte
1360,Bruno Lima,PF,Leste
1361,Lucas Araujo,PF,Centro
1362,Daniel Martins,PF,Norte
1363,Patrícia Ribeiro,PF,Norte
1364,Felipe Ribeiro,PF,Leste
1365,Gabriela Araujo,PF,Sul
1366,Pereira Comercial LTDA,PJ,Leste
1367,Patrícia Costa,PF,Centro
1368,Araujo Indústria LTDA,PJ,Centro
1369,Bruno Rodrigues,PF,Centro
1370,Rafael Martins,PF,Centro
1371,Costa Comercial LTDA,PJ,Sul
1372,Rafael Costa,PF,Norte
1373,Mariana Ribeiro,PF,Centro
1374,Felipe Santos,PF,Leste
1375,Juliana Ribeiro,PF,Sul
1376,Fernanda Lima,PF,Oeste
1377,Paulo Nascimento,PF,Sul
1378,Renata Costa,PF,Oeste
1379,Gabriela Nascimento,PF,Oeste
1380,João Silva,PF,Oeste
1381,Camila Santos,PF,Oeste
1382,João Costa,PF,Centro
1383,Pedro Araujo,PF,Oeste
1384,Renata Nascimento,PF,Norte
1385,Nascimento Comercial LTDA,PJ,Oeste
1386,Nascimento Solutions LTDA,PJ,Leste
1387,Nascimento Tech LTDA,PJ,Centro
1388,Ana Costa,PF,Leste
1389,Paulo Silva,PF,Leste
1390,Fernanda Ribeiro,PF,Norte
1391,Almeida Holding LTDA,PJ,Centro
1392,Pedro Silva,PF,Oeste
1393,Beatriz Costa,PF,Leste
1394,Eduardo Costa,PF,Centro
1395,Bruno Pereira,PF,Sul
1396,Nascimento Logística LTDA,PJ,Centro
1397,Carlos Nascimento,PF,Oeste
1398,Rodrigues Logística LTDA,PJ,Sul
1399,Ana Araujo,PF,Sul
1400,Eduardo Santos,PF,Sul
1401,Oliveira Distribuidora LTDA,PJ,Oeste
1402,Camila Santos,PF,Sul
1403,Rodrigo Costa,PF,Norte
1404,Fernanda Nascimento,PF,Sul
1405,Lima Indústria LTDA,PJ,Centro
1406,Gabriela Ribeiro,PF,Norte
1407,Rafael Nascimento,PF,Oeste
1408,Rodrigo Santos,PF,Leste
1409,Almeida Indústria LTDA,PJ,Sul
1410,Paulo Pereira,PF,Sul
1411,Fernanda Rodrigues,PF,Norte
1412,Pedro Pereira,PF,Leste
1413,Costa Distribuidora LTDA,PJ,Centro
1414,Felipe Almeida,PF,Centro
1415,Oliveira Digital LTDA,PJ,Oeste
1416,Gabriela Santos,PF,Leste
1417,Daniel Rodrigues,PF,Centro
1418,Camila Lima,PF,Sul
1419,Beatriz Martins,PF,Norte
1420,Paulo Oliveira,PF,Oeste
1421,Araujo Holding LTDA,PJ,Norte
1422,Ana Oliveira,PF,Oeste
1423,Gabriela Santos,PF,Sul
1424,Pereira Serviços LTDA,PJ,Norte
1425,Felipe Pereira,PF,Centro
1426,Paulo Costa,PF,Norte
1427,Gabriela Rodrigues,PF,Norte
1428,Juliana Silva,PF,Sul
1429,Pereira Solutions LTDA,PJ,Norte
1430,Pedro Almeida,PF,Oeste
1431,Gabriela Pereira,PF,Centro
1432,Renata Nascimento,PF,Leste
1433,Camila Araujo,PF,Oeste
1434,Rafael Santos,PF,Oeste
1435,Santos Holding LTDA,PJ,Leste
1436,Lucas Santos,PF,Norte
1437,Carlos Oliveira,PF,Centro
1438,Rodrigo Oliveira,PF,Sul
1439,Ribeiro Group LTDA,PJ,Oeste
1440,Lucas Araujo,PF,Norte
1441,Ribeiro Comercial LTDA,PJ,Oeste
1442,Paulo Ribeiro,PF,Oeste
1443,Pedro Costa,PF,Norte
1444,Beatriz Lima,PF,Sul
1445,Rodrigo Nascimento,PF,Oeste
1446,Ana Costa,PF,Oeste
1447,Bruno Ribeiro,PF,Oeste
1448,Felipe Rodrigues,PF,Leste
1449,Nascimento Group LTDA,PJ,Oeste
1450,Pedro Costa,PF,Oeste
1451,Camila Pereira,PF,Norte
1452,Martins Serviços LTDA,PJ,Oeste
1453,Rafael Lima,PF,Oeste
1454,Felipe Araujo,PF,Oeste
1455,Carlos Nascimento,PF,Centro
1456,Ana Araujo,PF,Norte
1457,Daniel Santos,PF,Norte
1458,Carlos Santos,PF,Centro
1459,Pereira Comercial LTDA,PJ,Centro
1460,Patrícia Araujo,PF,Norte
1461,Gabriela Araujo,PF,Sul
1462,Renata Oliveira,PF,Oeste
1463,Fernanda Pereira,PF,Leste
1464,Mariana Pereira,PF,Norte
1465,Almeida Logística LTDA,PJ,Oeste
1466,Rodrigo Araujo,PF,Leste
1467,Nascimento Serviços LTDA,PJ,Norte
1468,Camila Costa,PF,Leste
1469,Ribeiro Tech LTDA,PJ,Oeste
1470,Renata Oliveira,PF,Leste
1471,Lucas Nascimento,PF,Centro
1472,Patrícia Silva,PF,Sul
1473,Silva Holding LTDA,PJ,Oeste
1474,Rafael Rodrigues,PF,Norte
1475,Costa Digital LTDA,PJ,Leste
1476,Nascimento Digital LTDA,PJ,Sul
1477,Felipe Martins,PF,Norte
1478,Daniel Almeida,PF,Sul
1479,Ana Costa,PF,Norte
1480,Lucas Almeida,PF,Centro
1481,Almeida Digital LTDA,PJ,Centro
1482,Gabriela Ribeiro,PF,Norte
1483,Felipe Almeida,PF,Oeste
1484,Pedro Costa,PF,Leste
1485,Daniel Silva,PF,Norte
1486,Gabriela Ribeiro,PF,Norte
1487,Fernanda Almeida,PF,Norte
1488,Renata Almeida,PF,Centro
1489,Santos Tech LTDA,PJ,Norte
1490,Juliana Nascimento,PF,Centro
1491,Rafael Almeida,PF,Centro
1492,Beatriz Nascimento,PF,Norte
1493,Gabriela Almeida,PF,Norte
1494,Eduardo Silva,PF,Sul
1495,Araujo Comercial LTDA,PJ,Oeste
1496,Pedro Araujo,PF,Oeste
1497,Eduardo Silva,PF,Norte
1498,Gabriela Almeida,PF,Norte
1499,Silva Distribuidora LTDA,PJ,Sul
1500,Almeida Tech LTDA,PJ,Sul
1501,Mariana Martins,PF,Leste
1502,Carlos Rodrigues,PF,Leste
1503,Gabriela Araujo,PF,Norte
1504,Ribeiro Serviços LTDA,PJ,Centro
1505,Rodrigo Araujo,PF,Centro
1506,Costa Solutions LTDA,PJ,Sul
1507,Gabriela Martins,PF,Centro
1508,Costa Digital LTDA,PJ,Sul
1509,Felipe Almeida,PF,Leste
1510,Ribeiro Indústria LTDA,PJ,Norte
1511,Bruno Rodrigues,PF,Leste
1512,Santos Digital LTDA,PJ,Norte
1513,Ana Almeida,PF,Norte
1514,Pedro Costa,PF,Sul
1515,Beatriz Costa,PF,Sul
1516,Carlos Pereira,PF,Centro
1517,Gabriela Martins,PF,Norte
1518,Rodrigo Ribeiro,PF,Leste
1519,Eduardo Lima,PF,Centro
1520,Beatriz Silva,PF,Centro
1521,Carlos Oliveira,PF,Sul
1522,Costa Indústria LTDA,PJ,Norte
1523,Nascimento Comercial LTDA,PJ,Norte
1524,Costa Comercial LTDA,PJ,Sul
1525,Felipe Lima,PF,Oeste
1526,Martins Comercial LTDA,PJ,Sul
1527,Mariana Rodrigues,PF,Centro
1528,Beatriz Pereira,PF,Norte
1529,Nascimento Digital LTDA,PJ,Oeste
1530,Patrícia Nascimento,PF,Norte
1531,Renata Rodrigues,PF,Norte
1532,Ribeiro Distribuidora LTDA,PJ,Centro
1533,Araujo Logística LTDA,PJ,Centro
1534,Lucas Pereira,PF,Leste
1535,Ribeiro Solutions LTDA,PJ,Norte
1536,Rodrigo Ribeiro,PF,Norte
1537,Felipe Santos,PF,Oeste
1538,Bruno Rodrigues,PF,Oeste
1539,Eduardo Costa,PF,Norte
1540,João Pereira,PF,Centro
1541,Almeida Group LTDA,PJ,Leste
1542,Renata Costa,PF,Leste
1543,Rafael Araujo,PF,Oeste
1544,Renata Nascimento,PF,Sul
1545,Paulo Martins,PF,Leste
1546,Lucas Araujo,PF,Centro
1547,Paulo Nascimento,PF,Norte
1548,Camila Pereira,PF,Centro
1549,Gabriela Araujo,PF,Norte
1550,Beatriz Silva,PF,Leste
1551,Rodrigo Silva,PF,Centro
1552,Carlos Costa,PF,Oeste
1553,Ana Santos,PF,Leste
1554,Juliana Santos,PF,Norte
1555,Eduardo Silva,PF,Leste
1556,Ana Martins,PF,Sul
1557,Mariana Oliveira,PF,Leste
1558,Felipe Rodrigues,PF,Sul
1559,Eduardo Rodrigues,PF,Sul
1560,Paulo Araujo,PF,Norte
1561,Nascimento Distribuidora LTDA,PJ,Oeste
1562,Nascimento Tech LTDA,PJ,Leste
1563,Juliana Araujo,PF,Leste
1564,Bruno Santos,PF,Sul
1565,Paulo Rodrigues,PF,Centro
1566,Eduardo Nascimento,PF,Centro
1567,Rafael Rodrigues,PF,Centro
1568,Lucas Araujo,PF,Norte
1569,Paulo Oliveira,PF,Norte
1570,Renata Santos,PF,Oeste
1571,Pedro Nascimento,PF,Leste
1572,Daniel Almeida,PF,Norte
1573,Juliana Pereira,PF,Leste
1574,Martins Indústria LTDA,PJ,Centro
1575,Gabriela Pereira,PF,Leste
1576,Almeida Distribuidora LTDA,PJ,Oeste
1577,Daniel Araujo,PF,Centro
1578,Pedro Santos,PF,Oeste
1579,Renata Rodrigues,PF,Oeste
1580,Ribeiro Distribuidora LTDA,PJ,Oeste
1581,João Rodrigues,PF,Norte
1582,Beatriz Almeida,PF,Sul
1583,Fernanda Silva,PF,Centro
1584,Gabriela Lima,PF,Leste
1585,Martins Serviços LTDA,PJ,Centro
1586,Rodrigo Nascimento,PF,Leste
1587,Costa Solutions LTDA,PJ,Leste
1588,Bruno Pereira,PF,Sul
1589,Silva Indústria LTDA,PJ,Oeste
1590,Lucas Ribeiro,PF,Oeste
1591,Gabriela Almeida,PF,Oeste
1592,Rodrigues Distribuidora LTDA,PJ,Sul
1593,Renata Rodrigues,PF,Leste
1594,Fernanda Oliveira,PF,Oeste
1595,Beatriz Araujo,PF,Oeste
1596,Camila Santos,PF,Leste
1597,Felipe Silva,PF,Norte
1598,Juliana Oliveira,PF,Leste
1599,Pedro Oliveira,PF,Leste
1600,Fernanda Ribeiro,PF,Oeste
1601,Mariana Nascimento,PF,Leste
1602,João Santos,PF,Leste
1603,Oliveira Serviços LTDA,PJ,Oeste
1604,Costa Tech LTDA,PJ,Sul
1605,Paulo Santos,PF,Oeste
1606,Beatriz Martins,PF,Norte
1607,Santos Holding LTDA,PJ,Leste
1608,Mariana Ribeiro,PF,Leste
1609,Eduardo Pereira,PF,Leste
1610,Pedro Silva,PF,Norte
1611,Renata Oliveira,PF,Leste
1612,Rodrigo Lima,PF,Leste
1613,Eduardo Ribeiro,PF,Leste
1614,Fernanda Lima,PF,Sul
1615,Paulo Santos,PF,Norte
1616,Bruno Martins,PF,Norte
1617,Rafael Oliveira,PF,Norte
1618,Renata Martins,PF,Oeste
1619,Rodrigo Almeida,PF,Centro
1620,Pereira Holding LTDA,PJ,Sul
1621,Almeida Logística LTDA,PJ,Leste
1622,Lucas Costa,PF,Sul
1623,Bruno Araujo,PF,Centro
1624,Silva Distribuidora LTDA,PJ,Centro
1625,Juliana Nascimento,PF,Oeste
1626,Ribeiro Group LTDA,PJ,Leste
1627,Rafael Nascimento,PF,Centro
1628,Almeida Serviços LTDA,PJ,Norte
1629,Renata Ribeiro,PF,Oeste
1630,Lucas Ribeiro,PF,Leste
1631,Renata Oliveira,PF,Sul
1632,Juliana Lima,PF,Leste
1633,Martins Group LTDA,PJ,Centro
1634,Eduardo Oliveira,PF,Oeste
1635,Renata Lima,PF,Sul
1636,Paulo Almeida,PF,Sul
1637,Beatriz Almeida,PF,Oeste
1638,Pedro Lima,PF,Norte
1639,Gabriela Santos,PF,Norte
1640,Gabriela Santos,PF,Sul
1641,Daniel Martins,PF,Oeste
1642,Ribeiro Distribuidora LTDA,PJ,Norte
1643,Juliana Almeida,PF,Leste
1644,Paulo Nascimento,PF,Oeste
1645,Ribeiro Distribuidora LTDA,PJ,Sul
1646,Ana Rodrigues,PF,Leste
1647,Renata Martins,PF,Sul
1648,Rodrigues Holding LTDA,PJ,Leste
1649,Mariana Silva,PF,Norte
1650,Juliana Martins,PF,Sul
1651,Felipe Santos,PF,Sul
1652,Rodrigues Group LTDA,PJ,Centro
1653,Pereira Digital LTDA,PJ,Centro
1654,Beatriz Lima,PF,Sul
1655,Ana Rodrigues,PF,Oeste
1656,Lima Indústria LTDA,PJ,Sul
1657,Almeida Indústria LTDA,PJ,Sul
1658,Felipe Silva,PF,Sul
1659,Ana Silva,PF,Leste
1660,Rafael Rodrigues,PF,Norte
1661,Lucas Araujo,PF,Centro
1662,Santos Indústria LTDA,PJ,Leste
1663,Rodrigo Santos,PF,Sul
1664,Santos Digital LTDA,PJ,Sul
1665,Gabriela Silva,PF,Norte
1666,Bruno Nascimento,PF,Leste
1667,Ribeiro Comercial LTDA,PJ,Centro
1668,Nascimento Logística LTDA,PJ,Oeste
1669,Rodrigo Almeida,PF,Norte
1670,Fernanda Nascimento,PF,Sul
1671,Santos Indústria LTDA,PJ,Leste
1672,Rodrigues Logística LTDA,PJ,Centro
1673,Daniel Almeida,PF,Leste
1674,Rodrigo Lima,PF,Norte
1675,Rodrigo Rodrigues,PF,Sul
1676,Ana Silva,PF,Leste
1677,Lucas Santos,PF,Oeste
1678,Daniel Rodrigues,PF,Centro
1679,Carlos Rodrigues,PF,Centro
1680,Beatriz Lima,PF,Oeste
1681,Ribeiro Serviços LTDA,PJ,Leste
1682,Patrícia Pereira,PF,Leste
1683,Mariana Silva,PF,Leste
1684,Eduardo Pereira,PF,Norte
1685,Santos Holding LTDA,PJ,Centro
1686,Fernanda Costa,PF,Sul
1687,Fernanda Martins,PF,Norte
1688,Rodrigo Silva,PF,Oeste
1689,Pedro Santos,PF,Leste
1690,João Oliveira,PF,Oeste
1691,Renata Lima,PF,Leste
1692,Rodrigues Distribuidora LTDA,PJ,Leste
1693,João Lima,PF,Sul
1694,Juliana Martins,PF,Leste
1695,Rodrigues Distribuidora LTDA,PJ,Centro
1696,Felipe Costa,PF,Leste
1697,Juliana Santos,PF,Centro
1698,Santos Group LTDA,PJ,Centro
1699,Renata Costa,PF,Centro
1700,Renata Nascimento,PF,Leste
1701,Martins Tech LTDA,PJ,Norte
1702,Renata Ribeiro,PF,Sul
1703,Daniel Lima,PF,Sul
1704,Carlos Lima,PF,Sul
1705,Daniel Costa,PF,Oeste
1706,Bruno Silva,PF,Norte
1707,Mariana Santos,PF,Norte
1708,Costa Tech LTDA,PJ,Norte
1709,Martins Distribuidora LTDA,PJ,Leste
1710,Eduardo Silva,PF,Sul
1711,Patrícia Almeida,PF,Leste
1712,Eduardo Almeida,PF,Norte
1713,Ribeiro Logística LTDA,PJ,Centro
1714,Carlos Almeida,PF,Norte
1715,Patrícia Ribeiro,PF,Leste
1716,João Araujo,PF,Leste
1717,João Martins,PF,Leste
1718,Beatriz Martins,PF,Centro
1719,Oliveira Serviços LTDA,PJ,Centro
1720,Eduardo Araujo,PF,Sul
1721,Martins Serviços LTDA,PJ,Centro
1722,Pedro Nascimento,PF,Sul
1723,Ribeiro Digital LTDA,PJ,Centro
1724,Paulo Almeida,PF,Sul
1725,Bruno Ribeiro,PF,Oeste
1726,Ana Almeida,PF,Oeste
1727,Oliveira Comercial LTDA,PJ,Sul
1728,Paulo Lima,PF,Oeste
1729,Felipe Ribeiro,PF,Leste
1730,Juliana Nascimento,PF,Sul
1731,Rodrigues Group LTDA,PJ,Oeste
1732,Pedro Rodrigues,PF,Leste
1733,Lucas Santos,PF,Sul
1734,Almeida Tech LTDA,PJ,Norte
1735,Renata Ribeiro,PF,Centro
1736,Pereira Tech LTDA,PJ,Leste
1737,Daniel Santos,PF,Leste
1738,João Nascimento,PF,Leste
1739,Rafael Ribeiro,PF,Norte
1740,Eduardo Santos,PF,Sul
1741,Gabriela Rodrigues,PF,Sul
1742,Juliana Costa,PF,Leste
1743,Daniel Martins,PF,Centro
1744,Pedro Nascimento,PF,Centro
1745,Bruno Oliveira,PF,Leste
1746,Juliana Pereira,PF,Leste
1747,Mariana Lima,PF,Sul
1748,Paulo Silva,PF,Centro
1749,Camila Ribeiro,PF,Oeste
1750,Juliana Rodrigues,PF,Centro
1751,Rodrigues Logística LTDA,PJ,Oeste
1752,Gabriela Ribeiro,PF,Sul
1753,Pedro Santos,PF,Centro
1754,Lucas Araujo,PF,Norte
1755,Fernanda Costa,PF,Oeste
1756,Almeida Comercial LTDA,PJ,Sul
1757,Juliana Almeida,PF,Norte
1758,Oliveira Serviços LTDA,PJ,Leste
1759,Silva Logística LTDA,PJ,Centro
1760,Ana Martins,PF,Leste
1761,Renata Santos,PF,Centro
1762,Rodrigo Lima,PF,Oeste
1763,Lima Serviços LTDA,PJ,Sul
1764,Bruno Pereira,PF,Sul
1765,Costa Logística LTDA,PJ,Oeste
1766,Fernanda Ribeiro,PF,Leste
1767,Juliana Santos,PF,Centro
1768,Daniel Costa,PF,Norte
1769,Araujo Indústria LTDA,PJ,Centro
1770,Felipe Nascimento,PF,Centro
1771,Carlos Nascimento,PF,Norte
1772,Fernanda Araujo,PF,Norte
1773,Fernanda Araujo,PF,Leste
1774,Ana Nascimento,PF,Oeste
1775,Renata Silva,PF,Leste
1776,Beatriz Oliveira,PF,Centro
1777,Santos Digital LTDA,PJ,Oeste
1778,Camila Ribeiro,PF,Oeste
1779,Renata Lima,PF,Leste
1780,Carlos Araujo,PF,Oeste
1781,Santos Indústria LTDA,PJ,Oeste
1782,Rodrigo Ribeiro,PF,Leste
1783,Beatriz Rodrigues,PF,Sul
1784,João Costa,PF,Sul
1785,Paulo Martins,PF,Centro
1786,Paulo Nascimento,PF,Sul
1787,Eduardo Araujo,PF,Centro
1788,Beatriz Oliveira,PF,Centro
1789,Beatriz Lima,PF,Sul
1790,Beatriz Costa,PF,Norte
1791,João Rodrigues,PF,Sul
1792,Lucas Almeida,PF,Sul
1793,Lima Distribuidora LTDA,PJ,Sul
1794,Ribeiro Logística LTDA,PJ,Oeste
1795,Costa Indústria LTDA,PJ,Sul
1796,Nascimento Digital LTDA,PJ,Leste
1797,Costa Comercial LTDA,PJ,Sul
1798,Paulo Nascimento,PF,Leste
1799,Daniel Araujo,PF,Leste
1800,Costa Serviços LTDA,PJ,Norte
1801,Eduardo Costa,PF,Oeste
1802,Lucas Ribeiro,PF,Norte
1803,Pereira Indústria LTDA,PJ,Centro
1804,João Oliveira,PF,Centro
1805,Daniel Martins,PF,Norte
1806,Ana Araujo,PF,Leste
1807,Lucas Araujo,PF,Leste
1808,Rodrigo Rodrigues,PF,Oeste
1809,Patrícia Nascimento,PF,Centro
1810,Almeida Logística LTDA,PJ,Sul
1811,Juliana Pereira,PF,Sul
1812,Silva Serviços LTDA,PJ,Leste
1813,Gabriela Martins,PF,Norte
1814,João Pereira,PF,Norte
1815,Paulo Pereira,PF,Centro
1816,Renata Silva,PF,Oeste
1817,Almeida Serviços LTDA,PJ,Oeste
1818,Silva Logística LTDA,PJ,Centro
1819,João Costa,PF,Centro
1820,Nascimento Serviços LTDA,PJ,Sul
1821,Lucas Silva,PF,Centro
1822,João Lima,PF,Oeste
1823,Mariana Rodrigues,PF,Centro
1824,Oliveira Serviços LTDA,PJ,Centro
1825,João Ribeiro,PF,Sul
1826,Daniel Costa,PF,Oeste
1827,Camila Pereira,PF,Norte
1828,Costa Distribuidora LTDA,PJ,Oeste
1829,Eduardo Nascimento,PF,Sul
1830,Silva Indústria LTDA,PJ,Sul
1831,Pedro Silva,PF,Oeste
1832,Santos Solutions LTDA,PJ,Oeste
1833,Bruno Araujo,PF,Centro
1834,Patrícia Costa,PF,Norte
1835,Nascimento Indústria LTDA,PJ,Centro
1836,Felipe Almeida,PF,Centro
1837,Daniel Pereira,PF,Centro
1838,Carlos Almeida,PF,Oeste
1839,Rodrigo Rodrigues,PF,Oeste
1840,Almeida Serviços LTDA,PJ,Sul
1841,Mariana Oliveira,PF,Oeste
1842,Pedro Pereira,PF,Oeste
1843,Daniel Pereira,PF,Oeste
1844,Araujo Logística LTDA,PJ,Oeste
1845,Paulo Nascimento,PF,Norte
1846,Gabriela Oliveira,PF,Sul
1847,Patrícia Pereira,PF,Sul
1848,Santos Distribuidora LTDA,PJ,Norte
1849,Patrícia Rodrigues,PF,Oeste
1850,Juliana Araujo,PF,Leste
1851,Ribeiro Distribuidora LTDA,PJ,Leste
1852,Oliveira Group LTDA,PJ,Centro
1853,Fernanda Almeida,PF,Oeste
1854,Almeida Comercial LTDA,PJ,Leste
1855,João Almeida,PF,Norte
1856,Juliana Costa,PF,Oeste
1857,Beatriz Ribeiro,PF,Leste
1858,Rafael Ribeiro,PF,Oeste
1859,Gabriela Oliveira,PF,Oeste
1860,Mariana Santos,PF,Centro
1861,Fernanda Araujo,PF,Sul
1862,Almeida Digital LTDA,PJ,Oeste
1863,Pedro Martins,PF,Centro
1864,Ribeiro Digital LTDA,PJ,Leste
1865,Carlos Santos,PF,Sul
1866,Araujo Logística LTDA,PJ,Oeste
1867,Patrícia Nascimento,PF,Oeste
1868,Paulo Araujo,PF,Sul
1869,Lucas Oliveira,PF,Leste
1870,Paulo Costa,PF,Leste
1871,Oliveira Logística LTDA,PJ,Centro
1872,Bruno Pereira,PF,Sul
1873,Pereira Tech LTDA,PJ,Sul
1874,Ribeiro Tech LTDA,PJ,Centro
1875,Carlos Pereira,PF,Leste
1876,Pedro Costa,PF,Norte
1877,Ribeiro Serviços LTDA,PJ,Norte
1878,Pereira Digital LTDA,PJ,Oeste
1879,Araujo Digital LTDA,PJ,Oeste
1880,Eduardo Rodrigues,PF,Leste
1881,João Lima,PF,Norte
1882,Lima Distribuidora LTDA,PJ,Oeste
1883,Eduardo Rodrigues,PF,Oeste
1884,Bruno Oliveira,PF,Sul
1885,Martins Digital LTDA,PJ,Oeste
1886,Renata Araujo,PF,Norte
1887,Lima Logística LTDA,PJ,Leste
1888,Martins Group LTDA,PJ,Sul
1889,Eduardo Lima,PF,Leste
1890,Eduardo Almeida,PF,Centro
1891,Lima Indústria LTDA,PJ,Sul
1892,Fernanda Ribeiro,PF,Leste
1893,Costa Solutions LTDA,PJ,Leste
1894,Ana Martins,PF,Centro
1895,Araujo Group LTDA,PJ,Centro
1896,Lucas Martins,PF,Oeste
1897,Araujo Tech LTDA,PJ,Leste
1898,Martins Logística LTDA,PJ,Leste
1899,Oliveira Distribuidora LTDA,PJ,Sul
1900,Patrícia Pereira,PF,Leste
1901,Carlos Ribeiro,PF,Norte
1902,Ribeiro Serviços LTDA,PJ,Sul
1903,Daniel Silva,PF,Norte
1904,Rodrigues Digital LTDA,PJ,Oeste
1905,Mariana Silva,PF,Oeste
1906,Rodrigo Oliveira,PF,Sul
1907,Pereira Tech LTDA,PJ,Norte
1908,Oliveira Indústria LTDA,PJ,Norte
1909,Daniel Rodrigues,PF,Norte
1910,Mariana Silva,PF,Norte
1911,Pedro Nascimento,PF,Oeste
1912,Rodrigo Pereira,PF,Leste
1913,Bruno Martins,PF,Oeste
1914,Pedro Ribeiro,PF,Leste
1915,Pereira Solutions LTDA,PJ,Norte
1916,Eduardo Ribeiro,PF,Sul
1917,Pedro Pereira,PF,Norte
1918,Mariana Rodrigues,PF,Sul
1919,Fernanda Pereira,PF,Oeste
1920,Pedro Ribeiro,PF,Sul
1921,Daniel Rodrigues,PF,Centro
1922,Renata Pereira,PF,Leste
1923,Ana Nascimento,PF,Leste
1924,Costa Solutions LTDA,PJ,Leste
1925,Bruno Oliveira,PF,Leste
1926,Daniel Silva,PF,Sul
1927,Pedro Lima,PF,Oeste
1928,Carlos Araujo,PF,Norte
1929,Daniel Araujo,PF,Sul
1930,Paulo Silva,PF,Norte
1931,Fernanda Almeida,PF,Sul
1932,Gabriela Ribeiro,PF,Oeste
1933,Patrícia Ribeiro,PF,Leste
1934,Mariana Pereira,PF,Norte
1935,Almeida Logística LTDA,PJ,Centro
1936,Felipe Santos,PF,Centro
1937,Patrícia Oliveira,PF,Centro
1938,Paulo Santos,PF,Leste
1939,Carlos Nascimento,PF,Norte
1940,Camila Ribeiro,PF,Oeste
1941,Oliveira Serviços LTDA,PJ,Oeste
1942,Beatriz Santos,PF,Sul
1943,Martins Comercial LTDA,PJ,Oeste
1944,Pedro Oliveira,PF,Norte
1945,Lucas Costa,PF,Centro
1946,João Santos,PF,Norte
1947,Eduardo Pereira,PF,Centro
1948,Felipe Silva,PF,Sul
1949,Paulo Nascimento,PF,Norte
1950,Rafael Rodrigues,PF,Norte
1951,Camila Silva,PF,Leste
1952,Rodrigues Comercial LTDA,PJ,Norte
1953,Mariana Santos,PF,Leste
1954,Felipe Rodrigues,PF,Leste
1955,Renata Pereira,PF,Centro
1956,Carlos Pereira,PF,Centro
1957,Rafael Araujo,PF,Oeste
1958,Carlos Nascimento,PF,Leste
1959,Silva Tech LTDA,PJ,Oeste
1960,Almeida Tech LTDA,PJ,Norte
1961,Carlos Silva,PF,Oeste
1962,Oliveira Logística LTDA,PJ,Sul
1963,Patrícia Lima,PF,Oeste
1964,Rodrigo Pereira,PF,Leste
1965,Pedro Almeida,PF,Norte
1966,Paulo Santos,PF,Oeste
1967,Beatriz Santos,PF,Leste
1968,Fernanda Costa,PF,Norte
1969,Lima Group LTDA,PJ,Norte
1970,Lucas Almeida,PF,Centro
1971,Felipe Pereira,PF,Sul
1972,Nascimento Digital LTDA,PJ,Sul
1973,Almeida Digital LTDA,PJ,Centro
1974,Ribeiro Solutions LTDA,PJ,Centro
1975,Juliana Oliveira,PF,Oeste
1976,Gabriela Silva,PF,Leste
1977,Pereira Distribuidora LTDA,PJ,Leste
1978,Ana Silva,PF,Leste
1979,Lucas Ribeiro,PF,Norte
1980,Renata Rodrigues,PF,Sul
1981,Paulo Almeida,PF,Sul
1982,Renata Nascimento,PF,Norte
1983,Gabriela Nascimento,PF,Oeste
1984,Martins Distribuidora LTDA,PJ,Oeste
1985,Rafael Martins,PF,Norte
1986,Costa Holding LTDA,PJ,Centro
1987,Araujo Logística LTDA,PJ,Oeste
1988,Patrícia Almeida,PF,Sul
1989,Ribeiro Indústria LTDA,PJ,Leste
1990,Lima Comercial LTDA,PJ,Leste
1991,Beatriz Nascimento,PF,Norte
1992,Daniel Ribeiro,PF,Norte
1993,Paulo Araujo,PF,Norte
1994,Ana Almeida,PF,Centro
1995,João Oliveira,PF,Leste
1996,Ana Pereira,PF,Centro
1997,Silva Digital LTDA,PJ,Leste
1998,Mariana Oliveira,PF,Sul
1999,Ribeiro Logística LTDA,PJ,Oeste
2000,Fernanda Santos,PF,Norte
2001,Santos Holding LTDA,PJ,Centro
2002,Camila Ribeiro,PF,Sul
2003,Bruno Araujo,PF,Norte
2004,Rodrigues Logística LTDA,PJ,Norte
2005,Patrícia Oliveira,PF,Leste
2006,Lucas Oliveira,PF,Leste
2007,Mariana Almeida,PF,Sul
2008,Beatriz Martins,PF,Centro
2009,Rafael Santos,PF,Centro
2010,Bruno Martins,PF,Oeste
2011,Beatriz Costa,PF,Leste
2012,Almeida Comercial LTDA,PJ,Norte
2013,Patrícia Santos,PF,Centro
2014,Lima Logística LTDA,PJ,Oeste
2015,Rafael Ribeiro,PF,Oeste
2016,Rodrigo Rodrigues,PF,Norte
2017,Beatriz Pereira,PF,Leste
2018,Renata Martins,PF,Sul
2019,Renata Oliveira,PF,Centro
2020,Beatriz Rodrigues,PF,Centro
2021,Beatriz Silva,PF,Oeste
2022,Ribeiro Distribuidora LTDA,PJ,Norte
2023,Camila Lima,PF,Sul
2024,Rafael Oliveira,PF,Centro
2025,Rodrigo Silva,PF,Centro
2026,Pereira Serviços LTDA,PJ,Sul
2027,Bruno Silva,PF,Oeste
2028,Ana Martins,PF,Sul
2029,Gabriela Ribeiro,PF,Leste
2030,Carlos Martins,PF,Leste
2031,Juliana Pereira,PF,Sul
2032,Almeida Group LTDA,PJ,Oeste
2033,Renata Araujo,PF,Sul
2034,Rodrigo Nascimento,PF,Norte
2035,Renata Rodrigues,PF,Leste
2036,Eduardo Martins,PF,Norte
2037,Pedro Martins,PF,Norte
2038,Felipe Nascimento,PF,Centro
2039,Daniel Costa,PF,Leste
2040,Beatriz Santos,PF,Sul
2041,Rodrigues Group LTDA,PJ,Oeste
2042,João Martins,PF,Oeste
2043,Camila Almeida,PF,Centro
2044,Bruno Costa,PF,Norte
2045,Santos Digital LTDA,PJ,Sul
2046,Fernanda Rodrigues,PF,Leste
2047,Silva Digital LTDA,PJ,Norte
2048,Paulo Silva,PF,Sul
2049,Pedro Martins,PF,Centro
2050,Renata Pereira,PF,Oeste
2051,Mariana Nascimento,PF,Leste
2052,Renata Ribeiro,PF,Norte
2053,Ana Pereira,PF,Leste
2054,Nascimento Indústria LTDA,PJ,Sul
2055,Bruno Lima,PF,Sul
2056,Daniel Costa,PF,Centro
2057,Renata Silva,PF,Sul
2058,Santos Comercial LTDA,PJ,Norte
2059,João Almeida,PF,Leste
2060,Camila Almeida,PF,Sul
2061,Lima Holding LTDA,PJ,Leste
2062,Ana Pereira,PF,Oeste
2063,João Silva,PF,Leste
2064,Fernanda Rodrigues,PF,Sul
2065,Oliveira Serviços LTDA,PJ,Oeste
2066,Eduardo Ribeiro,PF,Centro
2067,Gabriela Lima,PF,Centro
2068,Felipe Ribeiro,PF,Sul
2069,Martins Tech LTDA,PJ,Oeste
2070,Costa Group LTDA,PJ,Leste
2071,Bruno Almeida,PF,Oeste
2072,Beatriz Ribeiro,PF,Centro
2073,Mariana Martins,PF,Centro
2074,Carlos Araujo,PF,Sul
2075,Oliveira Logística LTDA,PJ,Leste
2076,Mariana Almeida,PF,Oeste
2077,Rodrigues Distribuidora LTDA,PJ,Centro
2078,Beatriz Pereira,PF,Oeste
2079,Pereira Indústria LTDA,PJ,Leste
2080,Camila Costa,PF,Centro
2081,Rafael Almeida,PF,Norte
2082,Ribeiro Tech LTDA,PJ,Oeste
2083,Lima Holding LTDA,PJ,Oeste
2084,João Nascimento,PF,Leste
2085,Juliana Costa,PF,Leste
2086,Pereira Logística LTDA,PJ,Sul
2087,Rodrigo Costa,PF,Oeste
2088,Nascimento Comercial LTDA,PJ,Leste
2089,Felipe Almeida,PF,Centro
2090,Gabriela Silva,PF,Centro
2091,Lucas Martins,PF,Oeste
2092,Carlos Santos,PF,Oeste
2093,Patrícia Lima,PF,Leste
2094,Paulo Nascimento,PF,Leste
2095,João Ribeiro,PF,Sul
2096,Costa Holding LTDA,PJ,Leste
2097,Rafael Silva,PF,Norte
2098,Patrícia Araujo,PF,Leste
2099,Juliana Rodrigues,PF,Oeste
2100,Silva Logística LTDA,PJ,Norte
2101,Araujo Digital LTDA,PJ,Sul
2102,Camila Nascimento,PF,Leste
2103,Felipe Araujo,PF,Oeste
2104,Daniel Nascimento,PF,Oeste
2105,Pedro Martins,PF,Sul
2106,Felipe Santos,PF,Sul
2107,Camila Ribeiro,PF,Leste
2108,Renata Almeida,PF,Norte
2109,Ribeiro Group LTDA,PJ,Centro
2110,Lucas Lima,PF,Leste
2111,Gabriela Lima,PF,Norte
2112,Pereira Holding LTDA,PJ,Sul
2113,Juliana Araujo,PF,Norte
2114,Eduardo Lima,PF,Oeste
2115,Fernanda Pereira,PF,Norte
2116,Nascimento Digital LTDA,PJ,Leste
2117,Eduardo Costa,PF,Norte
2118,Carlos Almeida,PF,Norte
2119,Lima Logística LTDA,PJ,Oeste
2120,Almeida Indústria LTDA,PJ,Centro
2121,Martins Comercial LTDA,PJ,Centro
2122,Ribeiro Logística LTDA,PJ,Sul
2123,Gabriela Pereira,PF,Oeste
2124,Beatriz Almeida,PF,Centro
2125,Gabriela Santos,PF,Leste
2126,João Martins,PF,Centro
2127,Patrícia Silva,PF,Norte
2128,Eduardo Silva,PF,Norte
2129,Camila Costa,PF,Oeste
2130,Carlos Nascimento,PF,Norte
2131,Pedro Oliveira,PF,Sul
2132,Martins Serviços LTDA,PJ,Leste
2133,Pedro Costa,PF,Centro
2134,Rodrigues Tech LTDA,PJ,Norte
2135,Juliana Martins,PF,Centro
2136,Gabriela Nascimento,PF,Oeste
2137,Costa Serviços LTDA,PJ,Norte
2138,Camila Costa,PF,Sul
2139,Almeida Indústria LTDA,PJ,Norte
2140,Lima Distribuidora LTDA,PJ,Norte
2141,Rodrigo Nascimento,PF,Leste
2142,Almeida Tech LTDA,PJ,Norte
2143,Bruno Araujo,PF,Norte
2144,Carlos Almeida,PF,Norte
2145,Rodrigues Digital LTDA,PJ,Sul
2146,Almeida Distribuidora LTDA,PJ,Centro
2147,Renata Rodrigues,PF,Leste
2148,Nascimento Serviços LTDA,PJ,Leste
2149,Silva Logística LTDA,PJ,Norte
2150,Rafael Lima,PF,Oeste
2151,Gabriela Costa,PF,Norte
2152,Oliveira Serviços LTDA,PJ,Centro
2153,Juliana Martins,PF,Leste
2154,Pedro Rodrigues,PF,Leste
2155,Eduardo Silva,PF,Oeste
2156,Paulo Rodrigues,PF,Leste
2157,Silva Indústria LTDA,PJ,Leste
2158,Silva Distribuidora LTDA,PJ,Centro
2159,Santos Solutions LTDA,PJ,Sul
2160,Martins Digital LTDA,PJ,Centro
2161,Eduardo Oliveira,PF,Norte
2162,João Nascimento,PF,Centro
2163,Nascimento Group LTDA,PJ,Oeste
2164,Daniel Almeida,PF,Oeste
2165,Pereira Holding LTDA,PJ,Centro
2166,Rodrigo Lima,PF,Sul
2167,Pedro Almeida,PF,Norte
2168,Pedro Ribeiro,PF,Oeste
2169,Almeida Digital LTDA,PJ,Centro
2170,Fernanda Pereira,PF,Norte
2171,Nascimento Serviços LTDA,PJ,Centro
2172,Felipe Pereira,PF,Leste
2173,Lucas Pereira,PF,Norte
2174,Fernanda Pereira,PF,Oeste
2175,Bruno Santos,PF,Sul
2176,Eduardo Lima,PF,Leste
2177,Camila Rodrigues,PF,Leste
2178,Paulo Rodrigues,PF,Sul
2179,Araujo Comercial LTDA,PJ,Sul
2180,Silva Solutions LTDA,PJ,Leste
2181,Ana Silva,PF,Sul
2182,Almeida Comercial LTDA,PJ,Oeste
2183,Felipe Martins,PF,Leste
2184,João Araujo,PF,Centro
2185,Martins Serviços LTDA,PJ,Sul
2186,Gabriela Ribeiro,PF,Norte
2187,Pereira Group LTDA,PJ,Oeste
2188,Ribeiro Group LTDA,PJ,Leste
2189,Beatriz Martins,PF,Norte
2190,Araujo Logística LTDA,PJ,Leste
2191,Pedro Santos,PF,Oeste
2192,Bruno Santos,PF,Norte
2193,Pedro Martins,PF,Sul
2194,Rafael Nascimento,PF,Sul
2195,Beatriz Rodrigues,PF,Centro
2196,Bruno Ribeiro,PF,Oeste
2197,Eduardo Almeida,PF,Centro
2198,João Costa,PF,Norte
2199,Rodrigues Serviços LTDA,PJ,Oeste
2200,Costa Tech LTDA,PJ,Norte
2201,Rodrigo Araujo,PF,Oeste
2202,Carlos Lima,PF,Leste
2203,Felipe Oliveira,PF,Leste
2204,Ana Pereira,PF,Norte
2205,Rafael Oliveira,PF,Sul
2206,Nascimento Serviços LTDA,PJ,Centro
2207,Lima Serviços LTDA,PJ,Leste
2208,Ribeiro Serviços LTDA,PJ,Sul
2209,Silva Serviços LTDA,PJ,Centro
2210,Pedro Almeida,PF,Sul
2211,Carlos Pereira,PF,Leste
2212,Carlos Rodrigues,PF,Centro
2213,Lucas Santos,PF,Norte
2214,Juliana Ribeiro,PF,Leste
2215,Almeida Serviços LTDA,PJ,Oeste
2216,Ana Oliveira,PF,Norte
2217,Juliana Costa,PF,Oeste
2218,Mariana Rodrigues,PF,Centro
2219,Nascimento Tech LTDA,PJ,Sul
2220,Rodrigo Almeida,PF,Oeste
2221,Pedro Ribeiro,PF,Oeste
2222,Ana Costa,PF,Centro
2223,Felipe Oliveira,PF,Sul
2224,Patrícia Silva,PF,Centro
2225,Gabriela Ribeiro,PF,Norte
2226,Renata Rodrigues,PF,Centro
2227,Daniel Costa,PF,Centro
2228,Lucas Araujo,PF,Sul
2229,Carlos Costa,PF,Leste
2230,Beatriz Martins,PF,Norte
2231,Costa Group LTDA,PJ,Sul
2232,Carlos Pereira,PF,Centro
2233,Almeida Holding LTDA,PJ,Norte
2234,Rodrigo Oliveira,PF,Centro
2235,Santos Serviços LTDA,PJ,Norte
2236,Rodrigo Lima,PF,Norte
2237,Fernanda Ribeiro,PF,Norte
2238,Silva Indústria LTDA,PJ,Leste
2239,Rafael Oliveira,PF,Leste
2240,Fernanda Nascimento,PF,Norte
2241,Ribeiro Serviços LTDA,PJ,Sul
2242,Fernanda Martins,PF,Norte
2243,Daniel Martins,PF,Oeste
2244,João Nascimento,PF,Leste
2245,Carlos Oliveira,PF,Centro
2246,Rodrigues Group LTDA,PJ,Leste
2247,Mariana Silva,PF,Leste
2248,Fernanda Pereira,PF,Sul
2249,Camila Lima,PF,Oeste
2250,Bruno Lima,PF,Norte
2251,Daniel Araujo,PF,Sul
2252,Lucas Oliveira,PF,Sul
2253,Almeida Serviços LTDA,PJ,Leste
2254,Rafael Pereira,PF,Centro
2255,Nascimento Tech LTDA,PJ,Centro
2256,Fernanda Lima,PF,Centro
2257,Lima Tech LTDA,PJ,Norte
2258,Felipe Ribeiro,PF,Leste
2259,Lima Group LTDA,PJ,Norte
2260,Lima Tech LTDA,PJ,Leste
2261,Almeida Indústria LTDA,PJ,Sul
2262,Costa Serviços LTDA,PJ,Oeste
2263,Juliana Oliveira,PF,Leste
2264,Almeida Holding LTDA,PJ,Norte
2265,Costa Group LTDA,PJ,Centro
2266,Paulo Silva,PF,Sul
2267,Silva Tech LTDA,PJ,Leste
2268,Oliveira Logística LTDA,PJ,Sul
2269,Rodrigues Indústria LTDA,PJ,Centro
2270,Felipe Almeida,PF,Centro
2271,Gabriela Rodrigues,PF,Centro
2272,Rafael Almeida,PF,Centro
2273,Lucas Araujo,PF,Leste
2274,Gabriela Almeida,PF,Norte
2275,Camila Lima,PF,Oeste
2276,Nascimento Solutions LTDA,PJ,Norte
2277,Ribeiro Serviços LTDA,PJ,Leste
2278,Bruno Lima,PF,Centro
2279,Rafael Lima,PF,Norte
2280,Gabriela Pereira,PF,Oeste
2281,Camila Almeida,PF,Centro
2282,Pereira Tech LTDA,PJ,Norte
2283,Rodrigo Almeida,PF,Norte
2284,Camila Santos,PF,Leste
2285,Rodrigues Logística LTDA,PJ,Centro
2286,Pedro Oliveira,PF,Centro
2287,Beatriz Pereira,PF,Sul
2288,Juliana Costa,PF,Oeste
2289,Bruno Araujo,PF,Leste
2290,Ribeiro Group LTDA,PJ,Leste
2291,Bruno Silva,PF,Oeste
2292,Gabriela Rodrigues,PF,Norte
2293,Ana Nascimento,PF,Leste
2294,Carlos Pereira,PF,Norte
2295,Carlos Araujo,PF,Centro
2296,Rodrigo Nascimento,PF,Leste
2297,Pedro Ribeiro,PF,Norte
2298,Felipe Rodrigues,PF,Sul
2299,João Araujo,PF,Leste
2300,João Lima,PF,Sul
2301,Pereira Tech LTDA,PJ,Leste
2302,Carlos Costa,PF,Oeste
2303,Almeida Logística LTDA,PJ,Sul
2304,Paulo Almeida,PF,Leste
2305,Ribeiro Logística LTDA,PJ,Centro
2306,Lucas Silva,PF,Sul
2307,Carlos Almeida,PF,Leste
2308,Santos Serviços LTDA,PJ,Sul
2309,Patrícia Pereira,PF,Centro
2310,Pedro Martins,PF,Norte
2311,Fernanda Santos,PF,Centro
2312,Patrícia Lima,PF,Sul
2313,Camila Martins,PF,Norte
2314,Rafael Oliveira,PF,Sul
2315,Martins Logística LTDA,PJ,Oeste
2316,Paulo Martins,PF,Oeste
2317,João Almeida,PF,Centro
2318,Nascimento Serviços LTDA,PJ,Oeste
2319,Araujo Group LTDA,PJ,Oeste
2320,Bruno Rodrigues,PF,Oeste
2321,Camila Martins,PF,Norte
2322,Juliana Pereira,PF,Sul
2323,Almeida Indústria LTDA,PJ,Centro
2324,Carlos Costa,PF,Oeste
2325,Oliveira Tech LTDA,PJ,Sul
2326,Eduardo Almeida,PF,Centro
2327,Silva Indústria LTDA,PJ,Oeste
2328,Renata Nascimento,PF,Sul
2329,Lima Group LTDA,PJ,Norte
2330,Araujo Holding LTDA,PJ,Oeste
2331,Costa Tech LTDA,PJ,Oeste
2332,Lucas Silva,PF,Leste
2333,Camila Martins,PF,Norte
2334,Almeida Tech LTDA,PJ,Leste
2335,Carlos Almeida,PF,Centro
2336,Rodrigues Digital LTDA,PJ,Norte
2337,Eduardo Martins,PF,Sul
2338,Daniel Pereira,PF,Norte
2339,Paulo Costa,PF,Centro
2340,Rodrigo Ribeiro,PF,Sul
2341,Nascimento Holding LTDA,PJ,Oeste
2342,Paulo Nascimento,PF,Leste
2343,Lucas Ribeiro,PF,Sul
2344,Camila Martins,PF,Sul
2345,Juliana Silva,PF,Leste
2346,Renata Silva,PF,Oeste
2347,Beatriz Nascimento,PF,Centro
2348,Rafael Almeida,PF,Leste
2349,Mariana Pereira,PF,Leste
2350,Camila Rodrigues,PF,Sul
2351,Eduardo Costa,PF,Centro
2352,Pedro Pereira,PF,Oeste
2353,Daniel Nascimento,PF,Oeste
2354,Lucas Martins,PF,Leste
2355,Lucas Lima,PF,Centro
2356,Patrícia Nascimento,PF,Centro
2357,Felipe Rodrigues,PF,Sul
2358,Patrícia Pereira,PF,Leste
2359,Bruno Santos,PF,Norte
2360,Mariana Araujo,PF,Centro
2361,Bruno Rodrigues,PF,Sul
2362,Eduardo Nascimento,PF,Norte
2363,Lima Logística LTDA,PJ,Norte
2364,Pereira Logística LTDA,PJ,Norte
2365,Lima Digital LTDA,PJ,Norte
2366,Lima Comercial LTDA,PJ,Norte
2367,Felipe Nascimento,PF,Norte
2368,Lucas Rodrigues,PF,Norte
2369,Ana Silva,PF,Leste
2370,Pedro Pereira,PF,Oeste
2371,Juliana Martins,PF,Sul
2372,Almeida Distribuidora LTDA,PJ,Sul
2373,Bruno Santos,PF,Centro
2374,Gabriela Almeida,PF,Centro
2375,João Santos,PF,Leste
2376,Bruno Silva,PF,Oeste
2377,Silva Tech LTDA,PJ,Leste
2378,Patrícia Ribeiro,PF,Centro
2379,Nascimento Holding LTDA,PJ,Oeste
2380,Bruno Araujo,PF,Oeste
2381,Mariana Silva,PF,Leste
2382,Camila Lima,PF,Centro
2383,Nascimento Distribuidora LTDA,PJ,Oeste
2384,Pereira Serviços LTDA,PJ,Oeste
2385,Felipe Araujo,PF,Sul
2386,Ana Nascimento,PF,Leste
2387,Oliveira Comercial LTDA,PJ,Centro
2388,Ana Rodrigues,PF,Centro
2389,Araujo Solutions LTDA,PJ,Leste
2390,Beatriz Santos,PF,Leste
2391,Ribeiro Indústria LTDA,PJ,Norte
2392,Pereira Serviços LTDA,PJ,Leste
2393,Martins Tech LTDA,PJ,Sul
2394,Almeida Solutions LTDA,PJ,Centro
2395,Martins Digital LTDA,PJ,Oeste
2396,Ribeiro Comercial LTDA,PJ,Centro
2397,Pedro Lima,PF,Sul
2398,João Costa,PF,Centro
2399,Carlos Costa,PF,Oeste
2400,João Almeida,PF,Norte
2401,Gabriela Oliveira,PF,Centro
2402,Felipe Pereira,PF,Centro
2403,Gabriela Lima,PF,Leste
2404,Mariana Santos,PF,Sul
2405,Ribeiro Logística LTDA,PJ,Norte
2406,Mariana Martins,PF,Centro
2407,Juliana Lima,PF,Leste
2408,Camila Rodrigues,PF,Oeste
2409,Beatriz Costa,PF,Norte
2410,Juliana Silva,PF,Leste
2411,Felipe Oliveira,PF,Oeste
2412,Lucas Lima,PF,Norte
2413,Pedro Costa,PF,Sul
2414,Paulo Almeida,PF,Norte
2415,Rodrigues Digital LTDA,PJ,Oeste
2416,Renata Silva,PF,Sul
2417,Mariana Nascimento,PF,Oeste
2418,Almeida Tech LTDA,PJ,Sul
2419,Fernanda Martins,PF,Norte
2420,Fernanda Lima,PF,Oeste
2421,Carlos Oliveira,PF,Oeste
2422,Mariana Santos,PF,Leste
2423,Beatriz Costa,PF,Oeste
2424,Juliana Costa,PF,Centro
2425,Rodrigues Group LTDA,PJ,Oeste
2426,Juliana Martins,PF,Leste
2427,Fernanda Pereira,PF,Centro
2428,Renata Costa,PF,Centro
2429,Rafael Lima,PF,Leste
2430,Fernanda Santos,PF,Centro
2431,Nascimento Solutions LTDA,PJ,Centro
2432,Renata Pereira,PF,Centro
2433,Gabriela Ribeiro,PF,Centro
2434,Beatriz Araujo,PF,Oeste
2435,Patrícia Oliveira,PF,Centro
2436,Mariana Martins,PF,Leste
2437,Fernanda Rodrigues,PF,Leste
2438,Silva Group LTDA,PJ,Norte
2439,Gabriela Santos,PF,Oeste
2440,Bruno Ribeiro,PF,Centro
2441,Renata Martins,PF,Leste
2442,Araujo Group LTDA,PJ,Norte
2443,Camila Pereira,PF,Oeste
2444,Martins Serviços LTDA,PJ,Oeste
2445,Lucas Rodrigues,PF,Sul
2446,Rodrigo Costa,PF,Oeste
2447,Eduardo Rodrigues,PF,Leste
2448,Martins Serviços LTDA,PJ,Leste
2449,Eduardo Ribeiro,PF,Oeste
2450,Ana Silva,PF,Sul
2451,Paulo Martins,PF,Oeste
2452,Daniel Oliveira,PF,Norte
2453,Carlos Almeida,PF,Leste
2454,Juliana Costa,PF,Sul
2455,Paulo Lima,PF,Norte
2456,Mariana Rodrigues,PF,Centro
2457,Almeida Indústria LTDA,PJ,Norte
2458,Camila Almeida,PF,Oeste
2459,Pedro Pereira,PF,Centro
2460,Camila Martins,PF,Leste
2461,Juliana Santos,PF,Sul
2462,Lucas Nascimento,PF,Centro
2463,Patrícia Nascimento,PF,Centro
2464,Rafael Ribeiro,PF,Leste
2465,Juliana Costa,PF,Oeste
2466,Renata Martins,PF,Leste
2467,Beatriz Silva,PF,Oeste
2468,Felipe Oliveira,PF,Centro
2469,Bruno Rodrigues,PF,Sul
2470,Rodrigues Digital LTDA,PJ,Norte
2471,Carlos Lima,PF,Leste
2472,Beatriz Ribeiro,PF,Centro
2473,Bruno Silva,PF,Leste
2474,Carlos Nascimento,PF,Centro
2475,Camila Ribeiro,PF,Norte
2476,Rafael Ribeiro,PF,Leste
2477,Araujo Indústria LTDA,PJ,Centro
2478,João Nascimento,PF,Oeste
2479,Carlos Silva,PF,Oeste
2480,Rodrigues Holding LTDA,PJ,Leste
2481,Bruno Ribeiro,PF,Sul
2482,Juliana Costa,PF,Leste
2483,Fernanda Araujo,PF,Leste
2484,Daniel Oliveira,PF,Centro
2485,Pereira Solutions LTDA,PJ,Leste
2486,Ana Araujo,PF,Centro
2487,Paulo Nascimento,PF,Norte
2488,Martins Indústria LTDA,PJ,Norte
2489,Carlos Lima,PF,Oeste
2490,Mariana Ribeiro,PF,Centro
2491,Rodrigues Group LTDA,PJ,Leste
2492,Santos Holding LTDA,PJ,Sul
2493,João Silva,PF,Norte
2494,Pereira Logística LTDA,PJ,Leste
2495,Carlos Costa,PF,Norte
2496,Silva Holding LTDA,PJ,Oeste
2497,Patrícia Oliveira,PF,Norte
2498,Carlos Santos,PF,Oeste
2499,Paulo Silva,PF,Leste
2500,Felipe Araujo,PF,Centro
2501,Oliveira Indústria LTDA,PJ,Norte
2502,Mariana Oliveira,PF,Oeste
2503,Ana Martins,PF,Sul
2504,Rodrigues Group LTDA,PJ,Oeste
2505,Martins Comercial LTDA,PJ,Norte
2506,Patrícia Almeida,PF,Norte
2507,Lucas Rodrigues,PF,Leste
2508,Eduardo Silva,PF,Sul
2509,Lima Solutions LTDA,PJ,Centro
2510,Carlos Santos,PF,Leste
2511,Santos Distribuidora LTDA,PJ,Sul
2512,Silva Holding LTDA,PJ,Sul
2513,Ribeiro Solutions LTDA,PJ,Sul
2514,Oliveira Tech LTDA,PJ,Sul
2515,Daniel Santos,PF,Sul
2516,Rodrigo Lima,PF,Oeste
2517,Patrícia Rodrigues,PF,Norte
2518,João Santos,PF,Sul
2519,Costa Group LTDA,PJ,Sul
2520,Ribeiro Comercial LTDA,PJ,Centro
2521,Almeida Tech LTDA,PJ,Centro
2522,Araujo Tech LTDA,PJ,Leste
2523,Paulo Lima,PF,Norte
2524,Juliana Rodrigues,PF,Norte
2525,Costa Tech LTDA,PJ,Sul
2526,Ana Oliveira,PF,Norte
2527,Carlos Araujo,PF,Centro
2528,Juliana Rodrigues,PF,Norte
2529,Mariana Pereira,PF,Leste
2530,Almeida Indústria LTDA,PJ,Leste
2531,Martins Logística LTDA,PJ,Leste
2532,Felipe Almeida,PF,Norte
2533,Almeida Group LTDA,PJ,Leste
2534,Beatriz Silva,PF,Centro
2535,Santos Distribuidora LTDA,PJ,Sul
2536,Almeida Solutions LTDA,PJ,Leste
2537,Lucas Martins,PF,Norte
2538,Paulo Rodrigues,PF,Norte
2539,Fernanda Ribeiro,PF,Sul
2540,Daniel Pereira,PF,Oeste
2541,João Costa,PF,Sul
2542,Rodrigo Almeida,PF,Sul
2543,Costa Digital LTDA,PJ,Oeste
2544,Nascimento Logística LTDA,PJ,Leste
2545,Felipe Araujo,PF,Sul
2546,Gabriela Rodrigues,PF,Leste
2547,Rodrigo Ribeiro,PF,Sul
2548,Renata Lima,PF,Leste
2549,Camila Nascimento,PF,Leste
2550,Araujo Digital LTDA,PJ,Norte
2551,Pedro Santos,PF,Sul
2552,Ana Lima,PF,Centro
2553,Rodrigo Nascimento,PF,Norte
2554,Lucas Araujo,PF,Sul
2555,Nascimento Solutions LTDA,PJ,Oeste
2556,Daniel Santos,PF,Norte
2557,Patrícia Pereira,PF,Leste
2558,Renata Lima,PF,Oeste
2559,Juliana Lima,PF,Norte
2560,Lima Tech LTDA,PJ,Leste
2561,Lima Indústria LTDA,PJ,Centro
2562,Almeida Logística LTDA,PJ,Leste
2563,Ana Oliveira,PF,Centro
2564,Carlos Rodrigues,PF,Oeste
2565,Patrícia Nascimento,PF,Oeste
2566,Carlos Rodrigues,PF,Norte
2567,Carlos Pereira,PF,Norte
2568,Santos Digital LTDA,PJ,Sul
2569,Pedro Silva,PF,Oeste
2570,Mariana Araujo,PF,Oeste
2571,Bruno Pereira,PF,Leste
2572,Ana Ribeiro,PF,Norte
2573,Eduardo Silva,PF,Leste
2574,Felipe Martins,PF,Centro
2575,Juliana Nascimento,PF,Norte
2576,Rafael Rodrigues,PF,Sul
2577,Lucas Martins,PF,Oeste
2578,Santos Comercial LTDA,PJ,Norte
2579,Camila Santos,PF,Oeste
2580,Gabriela Oliveira,PF,Sul
2581,Mariana Nascimento,PF,Norte
2582,Lima Solutions LTDA,PJ,Norte
2583,Almeida Distribuidora LTDA,PJ,Oeste
2584,Bruno Nascimento,PF,Norte
2585,Silva Group LTDA,PJ,Centro
2586,Martins Holding LTDA,PJ,Leste
2587,Santos Digital LTDA,PJ,Centro
2588,Pedro Ribeiro,PF,Leste
2589,Gabriela Ribeiro,PF,Centro
2590,Araujo Logística LTDA,PJ,Leste
2591,Ana Araujo,PF,Leste
2592,Lucas Ribeiro,PF,Sul
2593,Pereira Solutions LTDA,PJ,Oeste
2594,Costa Digital LTDA,PJ,Sul
2595,Patrícia Santos,PF,Leste
2596,Ribeiro Holding LTDA,PJ,Norte
2597,Eduardo Nascimento,PF,Oeste
2598,Lucas Ribeiro,PF,Norte
2599,Beatriz Costa,PF,Centro
2600,Gabriela Martins,PF,Norte
2601,Rodrigues Comercial LTDA,PJ,Centro
2602,Beatriz Rodrigues,PF,Oeste
2603,Mariana Lima,PF,Oeste
2604,Mariana Almeida,PF,Centro
2605,Ana Silva,PF,Sul
2606,Gabriela Costa,PF,Leste
2607,Almeida Serviços LTDA,PJ,Centro
2608,Camila Oliveira,PF,Norte
2609,João Pereira,PF,Oeste
2610,Eduardo Rodrigues,PF,Norte
2611,Pereira Comercial LTDA,PJ,Sul
2612,Juliana Ribeiro,PF,Oeste
2613,Mariana Lima,PF,Norte
2614,Rodrigo Santos,PF,Leste
2615,Juliana Pereira,PF,Oeste
2616,João Nascimento,PF,Leste
2617,Daniel Rodrigues,PF,Sul
2618,Pereira Solutions LTDA,PJ,Norte
2619,Juliana Rodrigues,PF,Centro
2620,Ribeiro Comercial LTDA,PJ,Norte
2621,Lucas Silva,PF,Norte
2622,Renata Nascimento,PF,Oeste
2623,Rodrigues Tech LTDA,PJ,Leste
2624,Mariana Almeida,PF,Norte
2625,Nascimento Holding LTDA,PJ,Centro
2626,Carlos Nascimento,PF,Norte
2627,Lucas Costa,PF,Centro
2628,Gabriela Costa,PF,Oeste
2629,Rafael Araujo,PF,Norte
2630,João Oliveira,PF,Norte
2631,Silva Serviços LTDA,PJ,Leste
2632,Silva Distribuidora LTDA,PJ,Sul
2633,Pereira Indústria LTDA,PJ,Leste
2634,Ribeiro Solutions LTDA,PJ,Norte
2635,Lucas Martins,PF,Norte
2636,Pereira Holding LTDA,PJ,Norte
2637,Rodrigo Almeida,PF,Leste
2638,João Lima,PF,Norte
2639,Rodrigo Rodrigues,PF,Norte
2640,Silva Serviços LTDA,PJ,Oeste
2641,Eduardo Lima,PF,Leste
2642,Paulo Araujo,PF,Centro
2643,Mariana Pereira,PF,Leste
2644,Felipe Oliveira,PF,Sul
2645,Paulo Almeida,PF,Oeste
2646,Eduardo Costa,PF,Oeste
2647,Lima Distribuidora LTDA,PJ,Centro
2648,Ribeiro Tech LTDA,PJ,Norte
2649,Fernanda Martins,PF,Sul
2650,Ribeiro Digital LTDA,PJ,Oeste
2651,Carlos Rodrigues,PF,Oeste
2652,Rafael Silva,PF,Norte
2653,Pedro Oliveira,PF,Oeste
2654,Silva Comercial LTDA,PJ,Sul
2655,Rafael Araujo,PF,Oeste
2656,Rodrigo Silva,PF,Norte
2657,Gabriela Martins,PF,Centro
2658,Beatriz Santos,PF,Sul
2659,Costa Serviços LTDA,PJ,Leste
2660,Mariana Ribeiro,PF,Leste
2661,Pedro Araujo,PF,Centro
2662,Camila Santos,PF,Sul
2663,Pedro Pereira,PF,Sul
2664,Felipe Silva,PF,Norte
2665,Araujo Logística LTDA,PJ,Centro
2666,Lucas Ribeiro,PF,Centro
2667,Felipe Oliveira,PF,Oeste
2668,Oliveira Group LTDA,PJ,Norte
2669,Pedro Nascimento,PF,Norte
2670,Camila Silva,PF,Centro
2671,Lima Comercial LTDA,PJ,Centro
2672,Eduardo Nascimento,PF,Leste
2673,Camila Pereira,PF,Centro
2674,Santos Logística LTDA,PJ,Centro
2675,Rafael Costa,PF,Leste
2676,Lima Group LTDA,PJ,Norte
2677,Bruno Silva,PF,Leste
2678,João Silva,PF,Sul
2679,Beatriz Ribeiro,PF,Centro
2680,Juliana Costa,PF,Sul
2681,Costa Logística LTDA,PJ,Norte
2682,Ribeiro Tech LTDA,PJ,Norte
2683,Nascimento Indústria LTDA,PJ,Sul
2684,Araujo Digital LTDA,PJ,Sul
2685,Camila Martins,PF,Sul
2686,Ana Silva,PF,Leste
2687,Rafael Oliveira,PF,Leste
2688,Pereira Logística LTDA,PJ,Centro
2689,Pedro Santos,PF,Sul
2690,Araujo Tech LTDA,PJ,Sul
2691,Lucas Lima,PF,Centro
2692,Almeida Logística LTDA,PJ,Centro
2693,Felipe Pereira,PF,Sul
2694,Daniel Almeida,PF,Leste
2695,Ribeiro Group LTDA,PJ,Oeste
2696,Lima Group LTDA,PJ,Centro
2697,Paulo Oliveira,PF,Oeste
2698,Paulo Santos,PF,Leste
2699,Patrícia Lima,PF,Norte
2700,Costa Distribuidora LTDA,PJ,Sul
2701,Pedro Silva,PF,Oeste
2702,Nascimento Distribuidora LTDA,PJ,Norte
2703,Daniel Silva,PF,Sul
2704,Rafael Silva,PF,Oeste
2705,João Lima,PF,Norte
2706,Lima Serviços LTDA,PJ,Leste
2707,Martins Serviços LTDA,PJ,Oeste
2708,Daniel Oliveira,PF,Leste
2709,Beatriz Rodrigues,PF,Sul
2710,Ribeiro Logística LTDA,PJ,Sul
2711,Gabriela Lima,PF,Sul
2712,Lima Distribuidora LTDA,PJ,Leste
2713,Patrícia Martins,PF,Oeste
2714,Rodrigo Santos,PF,Sul
2715,Eduardo Lima,PF,Leste
2716,Eduardo Martins,PF,Centro
2717,João Almeida,PF,Leste
2718,Almeida Serviços LTDA,PJ,Oeste
2719,Costa Group LTDA,PJ,Norte
2720,Fernanda Araujo,PF,Norte
2721,Martins Holding LTDA,PJ,Centro
2722,Paulo Nascimento,PF,Leste
2723,Lucas Nascimento,PF,Oeste
2724,Paulo Rodrigues,PF,Centro
2725,Rodrigues Group LTDA,PJ,Sul
2726,Carlos Martins,PF,Leste
2727,Araujo Distribuidora LTDA,PJ,Oeste
2728,João Costa,PF,Norte
2729,Paulo Nascimento,PF,Oeste
2730,Beatriz Rodrigues,PF,Oeste
2731,Costa Solutions LTDA,PJ,Leste
2732,Felipe Rodrigues,PF,Leste
2733,Martins Solutions LTDA,PJ,Norte
2734,Rodrigo Silva,PF,Oeste
2735,Araujo Serviços LTDA,PJ,Leste
2736,Santos Comercial LTDA,PJ,Oeste
2737,Araujo Holding LTDA,PJ,Centro
2738,Camila Nascimento,PF,Norte
2739,Lima Tech LTDA,PJ,Centro
2740,Pedro Lima,PF,Norte
2741,Almeida Comercial LTDA,PJ,Norte
2742,Almeida Comercial LTDA,PJ,Norte
2743,Ana Ribeiro,PF,Oeste
2744,Pereira Comercial LTDA,PJ,Norte
2745,Juliana Silva,PF,Sul
2746,Costa Holding LTDA,PJ,Oeste
2747,Patrícia Rodrigues,PF,Sul
2748,Costa Indústria LTDA,PJ,Norte
2749,Juliana Rodrigues,PF,Leste
2750,Carlos Oliveira,PF,Sul
2751,Araujo Distribuidora LTDA,PJ,Norte
2752,Mariana Nascimento,PF,Oeste
2753,Juliana Araujo,PF,Centro
2754,Pedro Araujo,PF,Sul
2755,Rafael Silva,PF,Norte
2756,Araujo Comercial LTDA,PJ,Oeste
2757,Lima Indústria LTDA,PJ,Centro
2758,Pereira Group LTDA,PJ,Oeste
2759,Silva Tech LTDA,PJ,Norte
2760,Rodrigues Group LTDA,PJ,Centro
2761,Juliana Costa,PF,Oeste
2762,Rodrigues Digital LTDA,PJ,Leste
2763,Ana Oliveira,PF,Norte
2764,Rodrigues Indústria LTDA,PJ,Centro
2765,Camila Costa,PF,Leste
2766,Paulo Nascimento,PF,Centro
2767,Mariana Oliveira,PF,Centro
2768,Bruno Lima,PF,Oeste
2769,Martins Group LTDA,PJ,Norte
2770,Rodrigo Araujo,PF,Sul
2771,Lucas Silva,PF,Norte
2772,Carlos Nascimento,PF,Oeste
2773,Bruno Nascimento,PF,Norte
2774,Araujo Comercial LTDA,PJ,Leste
2775,Pedro Almeida,PF,Oeste
2776,Paulo Costa,PF,Sul
2777,Lucas Pereira,PF,Norte
2778,Araujo Digital LTDA,PJ,Centro
2779,Bruno Araujo,PF,Oeste
2780,Costa Tech LTDA,PJ,Oeste
2781,Santos Comercial LTDA,PJ,Leste
2782,Rafael Araujo,PF,Norte
2783,Araujo Solutions LTDA,PJ,Sul
2784,Eduardo Almeida,PF,Sul
2785,Paulo Almeida,PF,Oeste
2786,Araujo Digital LTDA,PJ,Leste
2787,Carlos Ribeiro,PF,Sul
2788,Bruno Martins,PF,Leste
2789,Daniel Lima,PF,Leste
2790,Pedro Oliveira,PF,Sul
2791,Gabriela Araujo,PF,Centro
2792,Renata Silva,PF,Norte
2793,Santos Digital LTDA,PJ,Sul
2794,João Rodrigues,PF,Centro
2795,Fernanda Martins,PF,Centro
2796,Juliana Araujo,PF,Leste
2797,Oliveira Digital LTDA,PJ,Leste
2798,Beatriz Araujo,PF,Centro
2799,Almeida Comercial LTDA,PJ,Oeste
2800,Camila Costa,PF,Oeste
2801,Pereira Serviços LTDA,PJ,Leste
2802,João Silva,PF,Sul
2803,Juliana Araujo,PF,Leste
2804,Ribeiro Distribuidora LTDA,PJ,Sul
2805,Camila Almeida,PF,Centro
2806,Eduardo Lima,PF,Norte
2807,Juliana Martins,PF,Centro
2808,Martins Distribuidora LTDA,PJ,Oeste
2809,Eduardo Rodrigues,PF,Leste
2810,Juliana Almeida,PF,Leste
2811,Lima Group LTDA,PJ,Sul
2812,Nascimento Digital LTDA,PJ,Norte
2813,Felipe Ribeiro,PF,Norte
2814,Fernanda Almeida,PF,Oeste
2815,João Lima,PF,Sul
2816,Santos Serviços LTDA,PJ,Oeste
2817,Santos Group LTDA,PJ,Norte
2818,Oliveira Tech LTDA,PJ,Norte
2819,João Araujo,PF,Centro
2820,Pereira Solutions LTDA,PJ,Leste
2821,Silva Logística LTDA,PJ,Leste
2822,Ana Pereira,PF,Centro
2823,Bruno Ribeiro,PF,Sul
2824,Daniel Rodrigues,PF,Oeste
2825,Nascimento Distribuidora LTDA,PJ,Sul
2826,Beatriz Ribeiro,PF,Norte
2827,Bruno Oliveira,PF,Leste
2828,Renata Pereira,PF,Leste
2829,Rodrigo Nascimento,PF,Centro
2830,Pereira Distribuidora LTDA,PJ,Sul
2831,Pedro Silva,PF,Centro
2832,Felipe Araujo,PF,Sul
2833,Mariana Oliveira,PF,Centro
2834,Lucas Almeida,PF,Centro
2835,Gabriela Oliveira,PF,Norte
2836,Mariana Rodrigues,PF,Norte
2837,Gabriela Silva,PF,Oeste
2838,Eduardo Nascimento,PF,Leste
2839,Beatriz Lima,PF,Oeste
2840,Juliana Araujo,PF,Sul
2841,Pedro Araujo,PF,Norte
2842,Renata Santos,PF,Sul
2843,Camila Ribeiro,PF,Centro
2844,Carlos Costa,PF,Leste
2845,Juliana Silva,PF,Centro
2846,Eduardo Costa,PF,Centro
2847,Almeida Distribuidora LTDA,PJ,Centro
2848,Patrícia Almeida,PF,Norte
2849,Camila Pereira,PF,Centro
2850,Carlos Santos,PF,Sul
2851,Ana Ribeiro,PF,Oeste
2852,Lucas Almeida,PF,Sul
2853,Mariana Rodrigues,PF,Centro
2854,Rafael Araujo,PF,Norte
2855,Daniel Costa,PF,Sul
2856,Camila Lima,PF,Sul
2857,Fernanda Lima,PF,Leste
2858,Gabriela Araujo,PF,Sul
2859,Ana Martins,PF,Leste
2860,Gabriela Santos,PF,Centro
2861,Almeida Indústria LTDA,PJ,Centro
2862,Carlos Santos,PF,Leste
2863,Carlos Martins,PF,Oeste
2864,Beatriz Oliveira,PF,Oeste
2865,Santos Digital LTDA,PJ,Oeste
2866,Martins Digital LTDA,PJ,Leste
2867,Costa Comercial LTDA,PJ,Oeste
2868,Patrícia Costa,PF,Sul
2869,Gabriela Silva,PF,Centro
2870,Paulo Almeida,PF,Centro
2871,Renata Lima,PF,Sul
2872,Juliana Lima,PF,Centro
2873,Lucas Rodrigues,PF,Sul
2874,Beatriz Lima,PF,Centro
2875,Beatriz Araujo,PF,Centro
2876,Rodrigo Silva,PF,Leste
2877,Carlos Silva,PF,Norte
2878,Oliveira Indústria LTDA,PJ,Norte
2879,Patrícia Ribeiro,PF,Centro
2880,Eduardo Costa,PF,Oeste
2881,Lucas Rodrigues,PF,Leste
2882,Santos Comercial LTDA,PJ,Norte
2883,Renata Silva,PF,Sul
2884,Renata Lima,PF,Sul
2885,Fernanda Lima,PF,Norte
2886,Rodrigues Digital LTDA,PJ,Sul
2887,Pedro Araujo,PF,Oeste
2888,Costa Holding LTDA,PJ,Centro
2889,Santos Logística LTDA,PJ,Oeste
2890,Lucas Pereira,PF,Centro
2891,Camila Almeida,PF,Leste
2892,Oliveira Tech LTDA,PJ,Leste
2893,Pereira Holding LTDA,PJ,Sul
2894,Juliana Almeida,PF,Centro
2895,Pereira Comercial LTDA,PJ,Sul
2896,Rafael Martins,PF,Leste
2897,Martins Serviços LTDA,PJ,Leste
2898,Eduardo Oliveira,PF,Sul
2899,João Oliveira,PF,Sul
2900,Juliana Pereira,PF,Norte
2901,Gabriela Martins,PF,Norte
2902,Bruno Lima,PF,Leste
2903,Felipe Oliveira,PF,Sul
2904,Mariana Costa,PF,Norte
2905,Costa Indústria LTDA,PJ,Norte
2906,Juliana Nascimento,PF,Sul
2907,Fernanda Ribeiro,PF,Sul
2908,Mariana Silva,PF,Sul
2909,Gabriela Almeida,PF,Oeste
2910,Silva Tech LTDA,PJ,Sul
2911,Costa Digital LTDA,PJ,Centro
2912,Nascimento Distribuidora LTDA,PJ,Leste
2913,Daniel Santos,PF,Norte
2914,Felipe Silva,PF,Sul
2915,Almeida Logística LTDA,PJ,Norte
2916,Lima Group LTDA,PJ,Leste
2917,Felipe Silva,PF,Leste
2918,Felipe Martins,PF,Sul
2919,Daniel Martins,PF,Centro
2920,Paulo Silva,PF,Sul
2921,Martins Serviços LTDA,PJ,Sul
2922,Daniel Santos,PF,Sul
2923,Paulo Costa,PF,Norte
2924,Ana Ribeiro,PF,Norte
2925,Mariana Martins,PF,Leste
2926,João Pereira,PF,Leste
2927,Rodrigo Almeida,PF,Leste
2928,Renata Rodrigues,PF,Oeste
2929,Martins Digital LTDA,PJ,Norte
2930,Daniel Costa,PF,Sul
2931,Ana Martins,PF,Centro
2932,Mariana Almeida,PF,Centro
2933,Felipe Almeida,PF,Sul
2934,Costa Comercial LTDA,PJ,Centro
2935,Paulo Martins,PF,Norte
2936,Lucas Almeida,PF,Oeste
2937,Nascimento Indústria LTDA,PJ,Norte
2938,Rodrigo Oliveira,PF,Norte
2939,Costa Indústria LTDA,PJ,Sul
2940,Renata Araujo,PF,Sul
2941,Ribeiro Indústria LTDA,PJ,Centro
2942,Gabriela Oliveira,PF,Oeste
2943,João Nascimento,PF,Oeste
2944,Bruno Martins,PF,Centro
2945,Nascimento Solutions LTDA,PJ,Norte
2946,Eduardo Costa,PF,Oeste
2947,Daniel Oliveira,PF,Norte
2948,Paulo Almeida,PF,Sul
2949,Juliana Oliveira,PF,Oeste
2950,Mariana Santos,PF,Leste
2951,Martins Digital LTDA,PJ,Centro
2952,Daniel Pereira,PF,Centro
2953,Felipe Lima,PF,Leste
2954,Oliveira Comercial LTDA,PJ,Oeste
2955,Paulo Ribeiro,PF,Centro
2956,Lucas Oliveira,PF,Centro
2957,Silva Digital LTDA,PJ,Norte
2958,Eduardo Santos,PF,Leste
2959,Gabriela Nascimento,PF,Oeste
2960,Martins Comercial LTDA,PJ,Centro
2961,João Pereira,PF,Norte
2962,Camila Santos,PF,Sul
2963,Pedro Araujo,PF,Sul
2964,Pereira Tech LTDA,PJ,Norte
2965,Patrícia Ribeiro,PF,Oeste
2966,Pereira Logística LTDA,PJ,Sul
2967,Costa Digital LTDA,PJ,Centro
2968,Juliana Araujo,PF,Leste
2969,Silva Group LTDA,PJ,Norte
2970,Bruno Almeida,PF,Leste
2971,Pedro Lima,PF,Norte
2972,Camila Oliveira,PF,Oeste
2973,Renata Pereira,PF,Norte
2974,Oliveira Serviços LTDA,PJ,Norte
2975,Gabriela Santos,PF,Centro
2976,Patrícia Santos,PF,Leste
2977,Juliana Lima,PF,Oeste
2978,Ana Nascimento,PF,Oeste
2979,Juliana Costa,PF,Leste
2980,Lucas Pereira,PF,Centro
2981,Almeida Solutions LTDA,PJ,Centro
2982,Daniel Araujo,PF,Norte
2983,Gabriela Ribeiro,PF,Norte
2984,Carlos Araujo,PF,Centro
2985,Rodrigo Costa,PF,Oeste
2986,Rodrigues Distribuidora LTDA,PJ,Sul
2987,Lucas Costa,PF,Norte
2988,Lucas Lima,PF,Leste
2989,Costa Solutions LTDA,PJ,Oeste
2990,Rodrigues Digital LTDA,PJ,Oeste
2991,Almeida Tech LTDA,PJ,Norte
2992,Lucas Martins,PF,Norte
2993,Oliveira Group LTDA,PJ,Oeste
2994,Juliana Lima,PF,Norte
2995,Costa Comercial LTDA,PJ,Leste
2996,Santos Holding LTDA,PJ,Oeste
2997,Renata Oliveira,PF,Leste
2998,Renata Costa,PF,Centro
2999,João Oliveira,PF,Sul
3000,Pedro Nascimento,PF,Oeste
